Date,Month,"HRC (FOB, $/t)","Iron Ore (CFR, $/t)","HCC (Aus FOB, $/t)",Domestic Scrap (DDP Jiangsu incl. VAT $/t),RM Cost ($/t),HRC - RM Spread ($/t),CS Production (Mnt),Exports (Mnt),Imports (Mnt),Net Exports (Mnt),Export as % of Production,Cummulative FAI growth (%),ACSU (Mnt),Monthly Imports of semis & finished steel (Mt.),Monthly Export of semis & finished steel (Mt.),Monthly Iron ore Imports (Mt.),YTD Iron ore Imports (Mt.),YTD Iron ore Production (Mt.),Monthly Iron ore Production (Mt.),Stocks of iron ore at China's seaport (Mt.),YTD Growth rate of Investment (FAI),FAI in urban real estate development (y-o-y) Growth,Floor space under construction (y-o-y),Automobile Production (y-o-y),Civil Metal-Vessels/Steel Ships (y-o-y),Household Fridges (y-o-y),Air Conditioner (y-o-y),Manufacturing PMI for steel
2006-09-01,Sep-06,472,59,116,252,211,261,36.0,5.0,2.0,3.0,14.0,28.2,33.0,1.61,5.14,28.14,247.2,405.8,56.5,41.0,27.3,24.3,18.5,24.0,6.0,34.2,3.9,51.7
2006-10-01,Oct-06,477,62,85,260,185,292,38.0,5.0,1.0,4.0,14.0,26.8,34.0,1.42,5.19,21.97,297.69,462.3,56.5,40.77,26.8,24.1,18.8,25.1,11.4,31.8,6.7,55.9
2006-11-01,Nov-06,470,62,84,262,182,288,38.0,6.0,2.0,5.0,16.0,26.6,31.0,1.45,6.11,28.56,297.69,521.5,59.2,37.48,26.6,24.0,18.4,26.1,8.3,28.9,7.2,54.9
2006-12-01,Dec-06,470,61,90,270,188,282,39.0,6.0,2.0,4.0,15.0,24.5,32.0,1.53,6.05,35.85,326.3,588.2,66.7,38.2,24.0,21.8,17.2,27.0,13.1,15.8,16.1,50.1
2007-01-01,Jan-07,470,62,98,273,197,273,38.0,5.0,2.0,3.0,13.0,23.4,35.0,1.53,4.95,35.85,133.55,252.28,69.01,39.8,23.4,24.3,17.2,45.0,8.6,15.8,16.1,55.4
2007-02-01,Feb-07,481,62,100,288,199,282,36.0,5.0,1.0,4.0,13.0,23.4,32.0,1.28,4.92,28.75,133.55,252.28,69.01,44.6,23.4,24.3,17.2,21.5,8.6,15.8,16.1,60.3
2007-03-01,Mar-07,560,63,103,295,203,357,40.0,6.0,2.0,4.0,15.0,25.3,36.0,1.61,6.04,35.62,133.55,252.28,69.01,44.5,23.7,26.9,19.3,22.3,8.6,15.8,16.1,54.2
2007-04-01,Apr-07,562,70,107,303,219,342,41.0,8.0,2.0,6.0,20.0,25.5,34.0,1.66,8.03,33.37,133.55,252.28,69.01,43.07,25.5,27.4,21.3,21.4,23.0,15.8,17.9,55.8
2007-05-01,May-07,591,73,109,306,226,365,42.0,7.0,1.0,6.0,17.0,25.9,35.0,1.41,7.14,27.62,161.17,252.28,69.01,45.06,25.9,27.5,20.6,22.0,24.0,15.8,19.7,60.1
2007-06-01,Jun-07,572,68,120,314,228,344,43.0,7.0,1.0,6.0,17.0,26.7,36.0,1.44,7.1,26.9,187.92,321.29,69.01,44.29,25.9,28.5,20.6,22.9,20.8,15.8,23.3,54.4
2007-07-01,Jul-07,526,71,129,340,242,284,42.0,7.0,1.0,5.0,16.0,26.6,36.0,1.42,6.81,33.61,221.52,380.42,59.13,44.43,26.6,28.9,21.5,24.3,21.7,15.8,25.7,54.7
2007-08-01,Aug-07,536,75,140,349,260,275,42.0,6.0,1.0,4.0,14.0,26.7,37.0,1.49,5.72,29.29,250.81,442.17,61.75,39.91,26.7,29.0,21.6,24.0,27.8,15.8,24.4,55.9
2007-09-01,Sep-07,556,80,150,363,278,278,44.0,5.0,1.0,3.0,11.0,26.4,39.0,1.47,4.8,33.24,284.05,505.47,63.3,41.24,25.7,30.3,20.8,23.6,28.6,15.8,26.4,52.4
2007-10-01,Oct-07,565,91,165,400,311,254,43.0,4.0,1.0,3.0,10.0,26.9,40.0,1.24,4.42,29.77,313.75,566.83,61.36,40.84,26.9,31.4,22.8,23.7,29.1,15.8,26.3,52.7
2007-11-01,Nov-07,583,90,173,431,317,266,40.0,4.0,1.0,3.0,10.0,26.8,37.0,1.36,4.27,35.46,349.03,633.45,66.62,45.34,26.8,31.8,22.1,23.5,34.1,15.8,24.9,55.8
2007-12-01,Dec-07,635,89,180,445,322,313,42.0,5.0,1.0,3.0,11.0,25.6,38.0,1.36,4.91,34.2,383.09,707.07,73.62,49.73,24.8,30.2,31.1,22.0,29.4,15.8,17.0,53.5
2008-01-01,Jan-08,677,75,200,460,320,357,41.0,4.0,1.0,3.0,10.0,24.3,38.0,1.45,4.22,36.81,75.0,101.22,101.22,47.63,24.3,32.9,31.1,8.5,113.9,15.8,17.0,51.5
2008-02-01,Feb-08,721,80,330,513,459,262,39.0,3.0,1.0,2.0,8.0,24.3,37.0,1.27,3.11,38.2,75.0,101.22,101.22,55.22,24.3,32.9,31.1,12.5,113.9,15.8,18.4,58.6
2008-03-01,Mar-08,838,79,350,511,477,360,45.0,4.0,2.0,3.0,9.0,25.9,42.0,1.53,4.17,35.68,110.66,167.69,66.47,60.3,24.6,32.3,26.0,15.8,69.5,16.4,15.8,56.6
2008-04-01,Apr-08,892,122,380,578,575,317,45.0,5.0,2.0,3.0,10.0,25.7,41.0,1.52,4.79,42.85,153.49,235.4,67.71,60.77,25.7,32.1,23.9,17.4,63.5,18.3,13.4,59.9
2008-05-01,May-08,979,131,385,602,595,384,46.0,6.0,1.0,4.0,12.0,25.6,42.0,1.36,5.58,38.91,192.36,463.18,227.78,62.41,25.6,31.9,22.9,18.1,47.6,17.5,14.1,56.0
2008-06-01,Jun-08,1003,124,385,612,584,419,47.0,5.0,1.0,4.0,11.0,26.8,43.0,1.27,5.24,37.79,230.04,391.38,-71.8,62.15,26.3,33.5,22.7,17.6,42.5,10.5,6.7,55.8
2008-07-01,Jul-08,1029,122,400,548,595,434,45.0,7.0,1.0,6.0,16.0,27.3,39.0,1.45,7.44,39.63,269.61,455.93,64.55,73.5,27.3,30.9,21.9,17.2,38.3,6.0,4.9,51.8
2008-08-01,Aug-08,971,123,385,476,581,390,43.0,8.0,1.0,7.0,19.0,27.4,35.0,1.34,8.24,37.4,307.01,519.32,63.39,74.46,27.4,29.1,21.1,14.9,40.0,4.6,3.1,43.6
2008-09-01,Sep-08,838,115,375,300,559,279,39.0,7.0,1.0,6.0,17.0,27.6,34.0,1.29,6.88,39.2,346.1,585.6,66.28,73.85,27.0,26.5,20.4,13.6,38.0,3.5,1.1,39.8
2008-10-01,Oct-08,671,88,340,337,481,190,36.0,5.0,1.0,3.0,13.0,27.2,32.0,1.17,4.73,30.62,376.67,654.2,68.6,71.92,27.2,24.6,18.7,12.4,35.9,3.5,-0.5,30.6
2008-11-01,Nov-08,520,55,250,350,338,182,34.0,3.0,1.0,2.0,8.0,26.8,33.0,1.04,2.98,32.52,409.1,741.6,87.4,67.83,26.8,22.7,17.7,9.7,40.0,3.0,-2.8,32.0
2008-12-01,Dec-08,508,62,150,395,249,259,38.0,3.0,1.0,2.0,8.0,26.2,36.0,1.04,3.19,34.53,443.56,824.0,82.4,60.94,25.5,20.9,17.7,6.5,44.2,8.0,-4.9,49.9
2009-01-01,Jan-09,569,71,140,403,254,315,41.0,2.0,1.0,1.0,5.0,26.5,40.0,1.02,1.91,32.65,404.9,58.19,47.21,58.34,26.5,1.0,12.7,-21.6,13.9,6.8,-26.9,58.4
2009-02-01,Feb-09,543,75,150,344,270,273,41.0,2.0,1.0,0.0,4.0,26.5,40.0,1.43,1.57,46.74,404.9,105.4,47.21,59.31,26.5,1.0,12.7,-1.7,13.9,6.8,-26.9,51.0
2009-03-01,Mar-09,499,61,120,339,218,281,45.0,2.0,2.0,0.0,4.0,28.6,45.0,1.74,1.67,52.08,404.9,166.72,61.32,67.44,28.8,4.1,12.7,3.7,30.1,7.9,-28.0,45.8
2009-04-01,Apr-09,460,59,120,354,214,246,44.0,1.0,2.0,-1.0,3.0,30.5,44.0,2.29,1.41,57.0,404.9,228.42,61.7,68.83,30.5,4.9,11.7,7.6,18.4,7.0,-20.5,50.3
2009-05-01,May-09,483,61,115,381,213,270,47.0,1.0,2.0,-1.0,3.0,32.9,47.0,2.35,1.35,53.5,404.9,295.64,67.22,70.99,32.9,6.8,11.7,12.0,37.6,5.5,-22.7,56.5
2009-06-01,Jun-09,490,71,115,410,229,261,49.0,1.0,2.0,-1.0,3.0,33.6,50.0,2.01,1.44,55.29,404.9,377.92,82.28,69.43,33.5,9.9,12.7,16.4,36.0,9.2,-20.0,60.3
2009-07-01,Jul-09,535,78,140,421,265,270,51.0,2.0,2.0,-1.0,3.0,32.9,51.0,2.32,1.81,58.08,404.9,455.78,77.86,70.93,32.9,11.6,12.5,20.7,35.4,12.6,-16.7,64.8
2009-08-01,Aug-09,575,104,165,403,331,244,52.0,2.0,2.0,0.0,4.0,33.0,52.0,1.95,2.08,49.68,469.44,533.11,77.33,72.2,33.0,14.7,22.7,27.1,31.8,15.0,-12.1,58.9
2009-09-01,Sep-09,524,75,170,359,290,234,51.0,2.0,2.0,0.0,5.0,33.3,50.0,2.19,2.47,64.55,469.44,618.6,85.49,72.47,33.4,17.7,24.7,31.7,34.1,16.2,-10.3,46.1
2009-10-01,Oct-09,474,83,170,374,303,171,52.0,3.0,2.0,1.0,5.0,33.1,51.0,1.81,2.71,45.47,514.81,702.66,84.06,68.15,33.1,18.9,25.6,37.5,38.2,16.7,-10.1,50.8
2009-11-01,Nov-09,496,96,165,392,319,178,48.0,3.0,2.0,1.0,6.0,32.1,46.0,1.6,2.87,51.07,565.86,790.54,87.88,65.64,32.1,17.8,13.2,43.2,38.8,17.6,-6.4,52.5
2009-12-01,Dec-09,518,99,170,410,328,189,48.0,3.0,2.0,2.0,7.0,31.0,46.0,1.58,3.35,62.16,627.78,880.17,89.63,66.07,30.1,16.1,13.2,47.8,40.1,24.7,-1.9,54.6
2010-01-01,Jan-10,550,125,205,421,405,145,52.0,3.0,1.0,1.0,5.0,26.6,47.0,1.39,2.9,46.62,96.07,124.34,124.34,67.33,26.6,31.1,13.2,143.0,95.4,45.8,27.7,54.4
2010-02-01,Feb-10,545,121,220,425,414,131,50.0,2.0,1.0,1.0,5.0,26.6,49.0,1.19,2.49,49.38,96.07,124.34,124.34,68.93,26.6,31.1,13.2,89.7,95.4,45.8,27.7,58.7
2010-03-01,Mar-10,617,134,220,484,434,182,55.0,3.0,2.0,2.0,6.0,26.4,53.0,1.71,3.33,59.01,155.03,204.13,79.79,68.26,25.6,35.1,13.2,73.2,92.4,27.4,30.0,53.2
2010-04-01,Apr-10,697,176,250,454,532,165,55.0,4.0,2.0,3.0,8.0,26.1,53.0,1.57,4.31,55.33,210.32,292.26,88.13,68.02,26.1,36.2,13.2,61.9,69.8,28.5,30.0,57.3
2010-05-01,May-10,669,166,235,444,501,169,56.0,5.0,1.0,4.0,9.0,25.9,52.0,1.38,4.98,51.9,262.17,383.36,91.1,70.05,25.9,38.2,13.2,53.6,56.9,29.3,38.6,50.0
2010-06-01,Jun-10,611,139,230,432,452,158,54.0,6.0,2.0,4.0,10.0,25.5,49.0,1.5,5.68,47.17,309.28,485.03,101.67,70.35,25.5,38.1,13.2,46.6,63.4,28.2,39.5,44.3
2010-07-01,Jul-10,608,112,215,431,394,214,51.0,4.0,1.0,3.0,9.0,24.9,49.0,1.46,4.55,51.34,360.41,583.44,98.41,75.46,24.9,37.2,13.2,42.3,53.4,26.8,38.4,45.4
2010-08-01,Aug-10,633,143,190,445,419,214,52.0,3.0,1.0,1.0,5.0,24.8,50.0,1.44,2.82,44.61,405.04,685.69,102.25,71.8,24.8,36.7,13.2,38.4,48.9,26.3,37.2,53.4
2010-09-01,Sep-10,625,137,210,444,429,196,49.0,3.0,1.0,2.0,6.0,24.5,46.0,1.35,3.01,52.6,469.13,780.24,94.55,71.26,24.0,36.4,13.2,35.3,48.5,27.0,41.2,50.8
2010-10-01,Oct-10,596,149,220,470,458,137,50.0,3.0,1.0,2.0,6.0,24.4,49.0,1.2,2.87,45.72,503.3,875.86,95.62,68.81,24.4,36.5,13.2,33.8,47.5,28.4,40.5,51.8
2010-11-01,Nov-10,616,154,220,474,466,149,50.0,3.0,1.0,1.0,6.0,24.9,49.0,1.46,2.91,57.38,560.6,972.48,96.62,71.01,24.9,36.5,13.2,33.1,46.1,28.4,40.3,50.2
2010-12-01,Dec-10,623,161,225,508,483,140,52.0,3.0,1.0,1.0,5.0,24.4,50.0,1.48,2.85,58.08,618.63,1071.56,99.08,73.21,24.5,33.2,13.2,31.9,54.6,23.1,34.9,55.4
2011-01-01,Jan-11,685,167,350,577,617,68,56.0,3.0,2.0,1.0,5.0,34.0,51.0,1.72,3.12,68.97,117.57,146.24,146.24,78.06,24.9,35.2,13.2,11.3,8.7,15.0,54.9,53.0
2011-02-01,Feb-11,767,185,325,571,621,146,54.0,2.0,1.0,1.0,4.0,34.0,53.0,1.06,2.48,48.64,117.57,146.24,146.24,81.05,24.9,35.2,13.2,10.3,8.7,15.0,54.9,60.0
2011-03-01,Mar-11,713,168,330,575,599,114,59.0,5.0,2.0,3.0,8.0,32.5,56.0,1.6,4.91,59.48,177.17,249.2,102.96,79.85,25.0,34.1,13.2,10.3,13.6,20.9,48.4,46.2
2011-04-01,Apr-11,713,180,325,578,613,100,59.0,5.0,1.0,3.0,8.0,34.2,56.0,1.4,4.77,52.88,230.02,347.05,97.85,82.3,25.4,34.3,13.2,6.9,18.9,17.6,42.7,52.9
2011-05-01,May-11,703,177,310,583,593,109,60.0,5.0,1.0,3.0,8.0,34.0,57.0,1.31,4.76,53.3,283.25,450.22,103.17,92.45,25.8,34.6,13.2,5.2,22.5,17.6,39.4,53.9
2011-06-01,Jun-11,693,168,305,589,574,119,60.0,4.0,1.0,3.0,7.0,27.0,57.0,1.23,4.29,51.09,334.25,575.04,124.82,93.17,25.6,32.9,13.2,5.0,16.5,18.7,41.8,50.4
2011-07-01,Jul-11,689,173,305,586,582,107,59.0,4.0,1.0,3.0,7.0,27.2,56.0,1.29,4.44,54.55,388.63,691.92,116.88,94.44,25.4,33.6,13.2,4.0,23.2,19.1,41.6,54.4
2011-08-01,Aug-11,704,173,300,600,577,128,60.0,4.0,1.0,3.0,7.0,28.1,56.0,1.44,4.19,59.09,447.57,818.93,127.01,95.69,25.0,33.2,13.2,4.7,23.4,18.3,40.7,50.0
2011-09-01,Sep-11,704,182,275,604,566,138,58.0,4.0,1.0,3.0,7.0,28.0,54.0,1.36,4.21,60.57,508.07,946.23,127.3,93.1,24.9,32.0,13.2,4.5,24.6,17.0,32.2,49.6
2011-10-01,Oct-11,651,155,260,535,508,143,56.0,4.0,1.0,2.0,7.0,28.7,52.0,1.26,3.82,49.94,557.93,1078.48,132.25,92.74,24.9,31.1,13.2,4.2,22.8,18.8,28.9,44.8
2011-11-01,Nov-11,606,136,235,552,453,153,51.0,4.0,1.0,3.0,8.0,27.9,47.0,1.35,4.2,64.2,622.01,1205.51,127.03,97.24,24.5,29.9,13.2,3.9,19.8,19.2,26.6,42.6
2011-12-01,Dec-11,610,130,228,543,436,174,54.0,4.0,1.0,2.0,7.0,25.1,50.0,1.24,3.72,64.09,686.06,1326.94,121.43,95.6,23.8,27.9,13.2,3.0,16.9,19.2,27.8,50.2
2012-01-01,Jan-12,615,136,219,518,437,178,57.0,4.0,1.0,3.0,6.0,21.5,49.0,0.95,3.73,53.92,117.61,153.08,153.08,98.41,21.5,27.8,13.2,-27.5,5.3,9.8,-4.8,47.9
2012-02-01,Feb-12,636,140,215,527,439,197,56.0,3.0,1.0,2.0,6.0,21.5,54.0,1.23,3.39,64.98,117.61,153.08,153.08,98.72,21.5,27.8,13.2,-1.8,5.3,9.8,-4.8,42.8
2012-03-01,Mar-12,648,137,210,532,429,218,62.0,5.0,1.0,4.0,8.0,21.3,56.0,1.32,5.03,62.87,187.62,259.6,106.52,98.02,20.9,23.5,13.2,10.3,-8.1,6.9,-1.2,49.3
2012-04-01,Apr-12,646,147,215,515,450,196,61.0,5.0,1.0,3.0,7.0,20.5,57.0,1.16,4.67,57.69,244.74,363.25,103.65,97.11,20.2,18.7,13.2,3.1,-5.9,4.0,1.3,55.7
2012-05-01,May-12,628,144,220,479,451,177,62.0,5.0,1.0,4.0,8.0,20.7,57.0,1.35,5.23,63.84,308.22,475.5,112.25,95.71,20.1,18.5,13.2,6.2,-2.9,-6.5,2.4,48.8
2012-06-01,Jun-12,604,132,224,444,435,169,62.0,5.0,1.0,4.0,8.0,21.0,56.0,1.14,5.22,58.31,366.2,599.8,124.3,95.86,20.4,16.6,13.2,6.7,2.5,-7.4,1.5,49.2
2012-07-01,Jul-12,573,133,214,401,427,146,62.0,4.0,1.0,3.0,7.0,20.9,58.0,1.19,4.32,57.87,423.75,715.29,115.49,97.74,20.4,15.4,13.2,7.4,-5.0,-8.3,-1.5,44.5
2012-08-01,Aug-12,534,116,173,373,358,175,59.0,4.0,1.0,3.0,7.0,20.7,56.0,1.23,4.24,62.45,486.05,839.02,123.73,98.18,20.2,15.6,13.2,7.6,-7.8,-7.0,-1.5,39.9
2012-09-01,Sep-12,511,86,160,421,298,213,59.0,5.0,1.0,4.0,9.0,21.0,54.0,1.23,5.15,65.01,550.76,968.11,129.09,94.68,20.5,15.4,13.2,7.3,-12.8,-4.6,0.3,43.5
2012-10-01,Oct-12,533,105,140,447,309,224,60.0,5.0,1.0,4.0,8.0,21.2,55.0,1.05,4.84,56.43,607.12,1091.15,123.04,88.49,20.7,15.4,13.2,6.9,-9.8,-3.8,2.0,52.7
2012-11-01,Nov-12,540,118,153,445,342,198,58.0,5.0,1.0,4.0,9.0,21.1,53.0,1.1,5.13,65.78,672.91,1205.72,114.57,80.66,20.7,16.7,13.2,6.5,-11.8,-3.1,3.2,49.2
2012-12-01,Dec-12,547,115,157,467,340,206,59.0,5.0,1.0,4.0,8.0,20.8,54.0,1.08,4.85,70.94,743.55,1309.64,103.92,73.14,20.6,16.2,13.2,6.3,-21.4,-3.1,-4.5,55.5
2013-01-01,Jan-13,587,157,166,470,417,170,67.0,5.0,1.0,4.0,7.0,21.2,55.0,0.97,4.24,65.66,121.95,175.17,175.17,67.77,21.2,22.8,14.4,51.2,-13.2,7.6,-3.7,49.3
2013-02-01,Feb-13,610,156,171,452,421,189,62.0,4.0,1.0,3.0,7.0,21.2,58.0,1.31,5.55,56.42,121.95,175.17,175.17,69.52,21.2,22.8,14.4,12.4,-13.2,7.6,-3.7,58.9
2013-03-01,Mar-13,594,144,160,429,390,203,69.0,5.0,1.0,4.0,8.0,20.9,62.0,1.31,5.55,67.08,186.52,288.8,109.24,68.03,20.9,20.2,14.4,13.5,-13.1,9.0,5.3,44.6
2013-04-01,Apr-13,552,136,149,414,367,185,67.0,5.0,1.0,4.0,8.0,20.6,61.0,1.31,5.55,67.08,253.6,398.0,109.24,68.03,20.6,21.1,14.4,15.4,-17.5,8.8,2.8,45.1
2013-05-01,May-13,523,130,144,379,351,172,69.0,5.0,1.0,4.0,8.0,20.4,63.0,1.31,5.42,68.47,322.07,516.2,118.23,71.83,20.4,20.6,14.4,15.4,-21.9,21.7,-2.1,46.8
2013-06-01,Jun-13,502,118,136,387,324,178,66.0,5.0,1.0,4.0,8.0,20.1,60.0,1.16,5.29,62.22,384.29,646.4,130.16,73.11,20.1,20.3,14.4,15.2,-28.1,18.5,1.5,52.5
2013-07-01,Jul-13,513,128,133,427,337,175,67.0,5.0,1.0,4.0,8.0,20.1,61.0,1.21,5.14,72.94,457.23,772.6,126.17,72.66,20.1,20.5,14.4,15.1,-25.7,12.4,8.0,53.4
2013-08-01,Aug-13,531,138,144,427,365,166,68.0,6.0,1.0,5.0,9.0,20.3,61.0,1.3,6.18,68.89,526.12,904.2,131.64,72.99,20.3,19.3,14.4,15.1,-24.8,11.1,9.0,53.4
2013-09-01,Sep-13,541,135,152,418,368,173,68.0,5.0,1.0,4.0,7.0,20.2,62.0,1.27,4.89,74.37,600.49,1043.4,139.21,72.33,20.2,19.7,15.0,15.3,-24.6,10.6,8.0,49.2
2013-10-01,Oct-13,521,133,147,414,360,161,68.0,5.0,1.0,4.0,7.0,20.1,61.0,1.17,5.08,68.04,668.53,1178.3,134.92,75.55,20.1,19.2,16.1,17.2,-25.7,11.4,8.5,47.5
2013-11-01,Nov-13,521,137,143,414,362,158,63.0,5.0,1.0,4.0,8.0,19.9,57.0,1.31,4.99,77.89,746.42,1317.2,138.85,82.8,19.9,19.5,16.1,18.1,-24.5,11.3,11.3,49.0
2013-12-01,Dec-13,524,136,137,407,354,171,67.0,5.0,1.0,4.0,8.0,19.6,58.0,1.2,5.37,72.99,819.41,1451.0,133.82,83.43,19.6,19.8,11.3,18.4,-24.7,10.6,11.6,47.7
2014-01-01,Jan-14,529,129,131,402,337,192,70.0,7.0,1.0,5.0,10.0,17.9,56.0,1.31,6.76,74.01,148.36,183.3,124.4,100.19,17.9,19.3,11.3,12.5,-25.4,0.7,16.3,40.7
2014-02-01,Feb-14,528,121,127,380,321,206,63.0,5.0,1.0,4.0,8.0,17.9,58.0,1.31,6.76,74.01,148.36,183.3,124.4,100.19,17.9,19.3,11.3,12.5,-25.4,0.7,16.3,39.9
2014-03-01,Mar-14,519,112,115,373,294,225,70.0,7.0,1.0,5.0,10.0,17.6,65.0,1.31,6.76,74.01,222.37,307.7,124.4,107.08,17.6,16.8,11.3,10.8,-16.2,1.2,19.9,44.2
2014-04-01,Apr-14,520,115,113,367,296,224,69.0,7.0,1.0,6.0,11.0,17.3,62.0,1.37,7.54,83.36,305.73,427.8,120.12,108.7,17.3,16.4,11.3,8.3,-9.6,1.0,16.2,52.6
2014-05-01,May-14,512,101,116,359,278,233,71.0,8.0,1.0,7.0,11.0,17.2,63.0,1.23,8.07,77.35,383.08,568.5,140.68,111.23,17.2,14.7,11.3,10.8,-2.6,0.3,14.4,46.4
2014-06-01,Jun-14,505,93,116,359,265,240,70.0,7.0,1.0,6.0,10.0,17.3,63.0,1.16,7.07,74.52,457.6,710.6,142.12,110.24,17.3,14.1,11.3,10.9,0.2,0.7,16.3,48.3
2014-07-01,Jul-14,506,96,114,352,268,237,69.0,8.0,1.0,7.0,12.0,17.0,61.0,1.25,8.06,82.64,540.24,849.4,138.8,108.15,17.0,13.7,11.3,10.9,0.4,3.4,14.7,48.6
2014-08-01,Aug-14,506,93,114,319,263,243,69.0,8.0,1.0,6.0,11.0,16.5,62.0,1.19,7.76,74.79,615.03,986.0,136.64,106.98,16.5,13.2,11.5,9.9,1.9,3.1,14.6,48.4
2014-09-01,Sep-14,493,83,112,317,244,248,68.0,8.0,1.0,7.0,12.0,16.1,60.0,1.4,8.52,84.82,699.85,1123.4,137.38,105.15,16.1,12.5,11.5,9.3,4.6,1.9,13.9,43.6
2014-10-01,Oct-14,480,81,112,324,241,239,68.0,8.0,1.0,7.0,12.0,15.9,60.0,1.1,8.55,79.37,779.22,1257.9,134.48,102.03,15.9,12.4,12.3,9.0,3.7,0.8,13.3,46.0
2014-11-01,Nov-14,468,74,113,314,230,238,64.0,10.0,1.0,9.0,15.0,15.8,54.0,1.14,9.72,66.55,845.77,1386.4,128.5,101.95,15.8,11.9,10.1,8.4,5.3,0.3,13.8,43.3
2014-12-01,Dec-14,458,69,114,292,225,233,68.0,10.0,1.0,9.0,15.0,15.7,59.0,1.24,10.17,87.79,933.56,1514.2,127.84,93.38,15.7,10.5,9.2,7.1,5.5,-1.0,11.5,44.1
2015-01-01,Jan-15,429,68,112,276,221,208,67.0,10.0,1.0,9.0,15.0,13.9,57.0,1.2,7.7,80.5,146.56,175.5,105.62,93.56,13.9,10.4,7.6,4.6,15.4,1.0,-7.0,88.1
2015-02-01,Feb-15,377,63,109,262,210,167,61.0,8.0,1.0,7.0,13.0,13.9,57.0,1.2,7.7,80.5,227.06,281.2,105.62,96.26,13.5,8.5,6.8,4.7,18.9,-3.3,-1.5,43.0
2015-03-01,Mar-15,373,57,105,247,196,176,69.0,8.0,1.0,6.0,11.0,13.5,63.0,1.2,7.7,80.5,227.06,281.2,105.62,96.26,13.5,8.5,6.8,4.7,18.9,-3.3,-1.5,43.0
2015-04-01,Apr-15,367,52,95,236,178,189,69.0,8.0,1.0,7.0,12.0,12.0,62.0,1.2,8.53,80.19,307.25,384.2,103.02,91.59,12.0,-6.0,6.2,3.2,8.8,-0.7,2.4,48.2
2015-05-01,May-15,361,61,85,225,182,179,69.0,9.0,1.0,8.0,13.0,11.4,62.0,1.06,9.21,71.13,378.38,502.4,118.27,79.69,11.4,-5.1,5.3,2.2,8.8,-0.7,2.4,42.4
2015-06-01,Jun-15,346,63,90,195,190,156,68.0,9.0,1.0,8.0,13.0,11.4,62.0,1.16,8.88,74.84,453.22,634.9,132.46,75.29,11.4,-4.6,4.3,2.0,7.1,-1.2,2.4,37.4
2015-07-01,Jul-15,316,52,86,212,170,146,65.0,10.0,1.0,9.0,15.0,11.2,57.0,1.05,9.73,85.7,538.92,761.0,126.09,76.63,11.2,-4.3,3.4,0.2,5.2,-1.2,2.4,41.0
2015-08-01,Aug-15,305,56,84,202,173,132,67.0,10.0,1.0,9.0,15.0,10.9,58.0,1.02,9.74,74.04,612.96,885.1,124.15,80.59,10.9,-3.5,2.5,-0.5,5.0,-1.3,1.5,44.7
2015-09-01,Sep-15,285,57,83,187,174,111,66.0,11.0,1.0,10.0,17.0,10.3,55.0,1.01,11.24,86.09,699.05,1016.0,130.86,85.52,10.3,-2.6,3.0,-0.9,3.9,-1.7,1.0,43.7
2015-10-01,Oct-15,270,53,80,177,165,104,66.0,9.0,1.0,8.0,14.0,10.2,58.0,0.95,9.02,75.46,774.51,1135.3,119.25,84.45,10.2,-2.0,2.3,-0.3,3.6,-1.4,-0.1,42.2
2015-11-01,Nov-15,261,46,75,156,149,112,63.0,10.0,1.0,9.0,15.0,10.2,54.0,0.92,9.61,82.04,856.55,1252.3,117.02,89.17,10.2,-1.3,1.8,1.4,0.1,-1.4,-0.4,37.0
2015-12-01,Dec-15,260,40,77,159,141,118,65.0,11.0,1.0,9.0,16.0,10.0,55.0,1.18,10.66,96.17,952.72,1381.3,129.02,96.08,10.0,-1.0,1.3,2.7,-0.3,-1.9,0.0,40.6
2016-01-01,Jan-16,272,41,77,167,143,129,63.0,10.0,1.0,9.0,15.0,10.2,57.0,1.27,9.98,85.76,155.8,161.9,99.68,98.19,10.2,3.0,5.9,5.3,-5.0,1.7,-2.0,49.0
2016-02-01,Feb-16,280,47,76,188,151,130,58.0,8.0,1.0,7.0,14.0,10.2,51.0,1.27,9.98,85.76,241.56,261.6,99.68,94.54,10.7,6.2,5.8,6.5,-5.0,1.7,-2.0,49.7
2016-03-01,Mar-16,346,56,83,232,172,173,71.0,10.0,1.0,9.0,14.0,10.7,62.0,1.27,9.98,85.76,241.56,261.6,99.68,94.54,10.7,6.2,5.8,6.5,-5.0,1.7,-2.0,49.7
2016-04-01,Apr-16,422,60,92,221,188,234,69.0,9.0,1.0,8.0,13.0,10.5,61.0,1.1,9.07,83.88,325.44,365.1,103.51,98.0,10.5,7.2,5.8,5.5,-9.8,-1.2,-3.5,57.3
2016-05-01,May-16,379,56,91,203,180,199,71.0,9.0,1.0,8.0,13.0,9.6,62.0,1.09,9.38,86.71,412.15,472.0,106.92,99.67,9.6,7.0,5.6,5.6,-11.0,-4.1,-6.5,50.9
2016-06-01,Jun-16,333,52,90,218,172,161,69.0,11.0,1.0,10.0,16.0,9.0,60.0,7.59,10.94,582.05,582.05,709.8,709.78,102.23,9.0,5.3,4.8,8.1,-11.9,-2.3,-3.1,45.1
2016-07-01,Jul-16,361,57,96,235,187,174,67.0,10.0,1.0,9.0,15.0,8.1,57.0,7.59,10.31,582.05,582.05,709.8,709.78,105.6,8.1,5.3,4.8,8.1,-11.9,-2.3,-3.1,50.2
2016-08-01,Aug-16,381,61,113,231,211,170,69.0,9.0,1.0,8.0,13.0,8.1,69.0,1.11,8.94,87.63,669.68,709.8,0.0,101.39,8.1,5.4,4.6,10.0,-10.8,-1.1,-1.1,50.1
2016-09-01,Sep-16,377,57,187,241,279,98,68.0,9.0,1.0,8.0,13.0,8.2,60.0,1.13,8.77,92.87,762.55,824.7,114.92,103.87,8.2,5.8,3.2,12.3,-12.0,2.3,2.1,49.5
2016-10-01,Oct-16,394,58,231,257,324,69,68.0,8.0,1.0,6.0,11.0,8.3,62.0,1.08,7.62,80.76,843.31,1060.0,235.3,105.74,8.3,6.6,3.3,12.7,-12.0,2.3,2.1,50.7
2016-11-01,Nov-16,450,73,300,254,417,33,66.0,8.0,1.0,7.0,12.0,8.3,59.0,1.11,7.94,91.93,935.24,1162.3,102.34,109.81,8.3,6.5,2.9,13.3,-10.5,4.6,3.1,51.0
2016-12-01,Dec-16,501,80,266,252,395,107,67.0,8.0,1.0,7.0,11.0,8.1,60.0,1.2,7.75,88.88,1024.12,1280.9,118.55,111.18,8.1,6.9,3.2,13.1,-11.9,4.6,4.5,47.6
2017-01-01,Jan-17,497,81,186,259,316,181,68.0,7.0,1.0,6.0,11.0,8.9,61.0,1.09,7.42,95.54,175.34,184.2,114.03,126.99,8.9,8.9,3.2,11.1,49.2,18.6,16.3,49.7
2017-02-01,Feb-17,501,88,161,260,302,199,61.0,6.0,1.0,5.0,9.0,8.9,56.0,1.09,5.75,95.54,175.34,184.2,114.03,126.99,8.9,8.9,3.2,11.1,49.2,18.6,16.3,51.4
2017-03-01,Mar-17,494,88,157,242,297,197,71.0,8.0,1.0,6.0,11.0,9.2,65.0,1.3,7.56,95.54,270.88,298.2,114.03,134.56,9.2,9.1,-3.1,9.0,37.5,16.3,16.5,50.6
2017-04-01,Apr-17,428,71,261,220,375,54,73.0,6.0,1.0,5.0,9.0,8.9,67.0,1.08,6.49,82.21,353.09,400.9,102.71,133.33,8.9,9.3,-3.1,6.9,31.4,12.4,17.6,49.1
2017-05-01,May-17,426,61,177,225,275,151,74.0,7.0,1.0,6.0,9.0,8.6,66.0,1.11,6.98,91.48,444.57,508.5,107.63,140.27,8.6,8.8,-3.1,6.4,29.3,10.5,19.0,54.8
2017-06-01,Jun-17,444,57,147,263,237,207,75.0,7.0,1.0,6.0,9.0,8.6,67.0,1.13,6.81,94.43,539.0,636.6,128.09,144.13,8.6,8.5,3.4,6.3,20.5,8.9,17.9,54.1
2017-07-01,Jul-17,493,67,166,273,273,220,76.0,7.0,1.0,6.0,9.0,8.3,68.0,0.98,6.96,86.43,625.43,751.5,114.83,142.31,8.3,7.9,3.2,6.0,21.6,10.9,18.6,54.9
2017-08-01,Aug-17,543,76,197,278,317,226,78.0,6.0,1.0,6.0,8.0,7.8,69.0,0.99,6.5,88.55,713.98,863.9,112.43,135.12,7.8,7.9,3.1,5.9,17.4,11.6,18.7,57.2
2017-09-01,Sep-17,575,71,204,278,318,257,75.0,5.0,1.0,4.0,7.0,7.5,68.0,1.24,5.14,102.74,816.72,975.7,111.8,133.87,7.5,8.1,3.1,4.9,14.2,13.3,18.9,53.7
2017-10-01,Oct-17,551,60,183,305,279,271,76.0,5.0,1.0,4.0,7.0,7.3,68.0,0.95,4.98,79.51,896.23,1081.7,106.0,133.9,7.3,7.8,2.9,5.3,12.6,13.7,18.5,52.3
2017-11-01,Nov-17,545,64,188,371,290,256,70.0,5.0,1.0,4.0,8.0,7.2,62.0,1.14,5.35,94.5,990.73,1160.1,78.43,140.31,7.2,7.5,3.1,4.1,12.1,12.6,19.9,53.1
2017-12-01,Dec-17,564,72,239,387,354,210,70.0,6.0,1.0,4.0,8.0,7.2,62.0,1.2,5.67,84.01,1074.74,1229.4,69.26,145.67,7.2,7.0,3.0,3.2,9.5,13.6,26.4,50.2
2018-01-01,Jan-18,572,76,241,380,362,210,72.0,5.0,1.0,3.0,6.0,7.9,64.0,1.19,4.65,84.4,100.34,123.5,123.46,151.69,7.9,9.9,1.5,13.6,-10.4,4.5,17.0,50.9
2018-02-01,Feb-18,585,77,225,381,348,238,65.0,5.0,1.0,4.0,7.0,7.9,61.0,1.03,4.85,84.4,184.74,123.5,123.46,157.66,7.9,9.9,1.5,-5.0,-10.4,4.5,17.0,49.5
2018-03-01,Mar-18,592,69,217,353,328,264,73.0,6.0,1.0,4.0,8.0,7.5,69.0,1.23,5.65,85.77,270.51,189.5,66.0,161.31,7.5,10.4,1.5,-2.6,-35.4,-2.3,13.6,50.6
2018-04-01,Apr-18,579,65,188,375,292,287,75.0,6.0,1.0,5.0,9.0,7.0,71.0,1.05,6.48,82.89,353.4,255.0,65.54,157.88,7.0,10.3,1.6,0.4,-30.1,2.3,12.9,51.7
2018-05-01,May-18,588,66,184,350,289,299,81.0,7.0,1.0,6.0,8.0,6.1,75.0,1.13,6.88,94.6,448.0,321.3,66.26,159.52,6.1,10.2,2.0,2.0,-28.8,4.4,16.1,50.6
2018-06-01,Jun-18,593,65,199,337,302,290,80.0,7.0,1.0,6.0,9.0,6.0,74.0,1.04,6.94,82.7,530.7,388.2,66.96,156.11,6.0,9.7,2.5,3.5,-23.5,3.1,14.4,51.6
2018-07-01,Jul-18,579,64,185,378,288,291,81.0,6.0,1.0,5.0,7.0,5.5,76.0,1.03,5.89,89.95,620.65,447.2,59.0,154.32,5.5,10.2,3.0,3.2,-19.4,2.0,12.6,54.8
2018-08-01,Aug-18,574,67,182,385,290,284,80.0,6.0,1.0,5.0,7.0,5.3,75.0,1.06,5.88,89.27,709.92,510.8,63.58,147.92,5.3,10.1,3.6,2.2,-16.3,1.6,11.1,53.4
2018-09-01,Sep-18,571,69,199,387,308,262,81.0,6.0,1.0,5.0,7.0,5.3,76.0,1.2,5.95,93.42,803.34,579.9,69.13,145.01,5.3,9.9,3.9,0.6,-11.6,2.1,12.9,52.0
2018-10-01,Oct-18,550,73,217,382,334,217,82.0,6.0,1.0,4.0,7.0,5.7,78.0,1.14,5.5,88.35,891.69,641.8,61.91,143.63,5.7,9.7,4.3,-0.4,-7.9,2.2,10.6,52.1
2018-11-01,Nov-18,507,73,221,367,337,170,77.0,5.0,1.0,4.0,7.0,5.9,73.0,1.06,5.3,86.2,977.89,695.0,53.12,140.35,5.9,9.7,4.7,-2.3,-7.3,2.9,10.3,45.2
2018-12-01,Dec-18,480,69,226,384,337,143,75.0,6.0,1.0,5.0,7.0,5.9,68.0,1.01,5.56,83.14,91.26,763.4,68.41,139.74,5.9,9.5,5.2,-4.1,-7.5,2.5,10.0,45.6
2019-01-01,Jan-19,485,75,199,393,320,165,79.0,6.0,1.0,5.0,8.0,6.1,70.0,1.18,6.19,83.14,91.26,118.6,73.71,139.74,6.1,11.6,6.8,-15.1,-21.4,6.4,6.2,51.5
2019-02-01,Feb-19,508,87,206,390,346,162,71.0,5.0,1.0,4.0,6.0,6.1,71.0,0.82,4.51,83.14,174.4,118.6,73.71,146.88,6.1,11.6,6.8,-15.1,-21.4,6.4,6.2,50.6
2019-03-01,Mar-19,531,86,212,388,349,182,80.0,6.0,1.0,5.0,8.0,6.3,75.0,0.9,6.33,86.39,260.79,192.3,73.71,147.03,6.3,11.8,8.2,-10.4,14.3,4.7,13.3,44.9
2019-04-01,Apr-19,529,93,204,387,354,175,85.0,6.0,1.0,5.0,7.0,6.1,80.0,1.0,6.33,79.42,340.21,264.9,72.66,134.27,6.1,11.9,8.8,-11.8,13.8,4.1,12.5,52.1
2019-05-01,May-19,518,99,208,376,366,152,89.0,6.0,1.0,5.0,6.0,5.6,84.0,0.98,5.74,83.71,423.92,335.5,70.54,123.98,5.6,11.2,8.8,-14.1,6.6,3.7,11.0,50.0
2019-06-01,Jun-19,494,109,198,378,372,122,88.0,5.0,1.0,4.0,6.0,5.8,83.0,0.95,5.31,75.17,499.09,406.9,71.48,115.65,5.8,10.9,8.8,-14.2,7.4,4.5,10.2,48.2
2019-07-01,Jul-19,507,120,181,397,373,134,85.0,6.0,1.0,5.0,7.0,5.7,83.0,0.84,5.57,90.99,590.08,483.9,76.94,116.42,5.7,10.5,9.0,-12.8,5.0,4.2,8.7,47.9
2019-08-01,Aug-19,482,91,157,383,303,179,87.0,5.0,1.0,4.0,6.0,5.5,83.0,0.97,5.01,94.77,684.85,558.3,74.45,121.31,5.5,10.5,8.8,-12.5,7.0,2.8,7.9,44.9
2019-09-01,Sep-19,459,92,145,379,293,167,83.0,5.0,1.0,4.0,6.0,5.4,76.0,1.11,5.33,99.29,784.14,634.5,76.17,120.33,5.4,10.5,8.7,-12.0,10.0,4.3,6.4,44.2
2019-10-01,Oct-19,439,89,149,385,292,147,82.0,5.0,1.0,4.0,6.0,5.2,78.0,1.03,4.78,93.04,877.18,711.6,77.1,126.49,5.2,10.3,9.0,-11.1,8.4,3.8,6.2,41.3
2019-11-01,Nov-19,444,85,134,390,269,175,80.0,5.0,1.0,4.0,6.0,5.2,77.0,1.04,4.58,93.51,970.69,786.4,74.84,123.83,5.2,10.2,8.7,-9.6,10.7,4.0,5.8,45.4
2019-12-01,Dec-19,470,91,136,387,283,188,84.0,5.0,1.0,3.0,6.0,5.4,78.0,1.48,4.68,98.26,1068.95,844.4,57.92,126.96,5.4,9.9,8.7,-8.0,9.3,8.1,6.5,43.1
2020-01-01,Jan-20,495,94,150,390,301,194,80.0,4.0,1.0,3.0,5.0,-25.0,71.0,2.04,7.81,85.6,176.84,111.2,76.71,123.53,-24.5,-16.3,2.9,-45.8,-22.9,-37.4,-40.2,47.1
2020-02-01,Feb-20,462,86,156,385,294,168,75.0,4.0,1.0,3.0,5.0,-25.0,82.0,2.04,6.48,85.6,176.84,111.2,76.71,121.7,-24.5,-16.3,2.9,-45.8,-22.9,-37.4,-40.2,36.6
2020-03-01,Mar-20,440,88,159,370,300,141,79.0,6.0,1.0,5.0,8.0,-16.0,74.0,1.14,6.48,85.6,262.44,187.9,76.71,116.95,-16.1,-7.7,2.6,-44.6,-28.5,-19.8,-27.9,42.2
2020-04-01,Apr-20,401,84,130,324,264,137,86.0,6.0,1.0,5.0,7.0,-10.0,74.0,1.01,6.32,95.96,358.4,262.7,74.84,113.98,-10.3,-3.3,2.5,-32.3,-15.4,-16.5,-24.8,45.9
2020-05-01,May-20,413,93,114,356,262,151,93.0,4.0,1.0,3.0,5.0,-6.0,90.0,1.28,4.4,86.5,444.9,337.0,74.23,107.81,-6.3,-0.3,2.3,-23.6,-15.1,-12.7,-23.1,50.9
2020-06-01,Jun-20,438,102,111,368,275,163,92.0,4.0,2.0,2.0,4.0,-3.0,92.0,1.88,3.7,101.52,546.42,414.0,76.98,107.81,-3.1,1.9,2.6,-16.5,-10.4,-6.9,-16.4,49.3
2020-07-01,Jul-20,457,108,113,379,285,172,95.0,4.0,3.0,2.0,4.0,-2.0,94.0,2.61,4.18,112.51,658.93,486.4,72.49,114.03,-1.6,7.4,3.0,-9.7,-9.1,-2.0,-14.0,49.2
2020-08-01,Aug-20,501,122,107,390,302,199,96.0,4.0,2.0,1.0,4.0,0.0,97.0,2.24,3.68,100.28,759.21,562.2,75.74,111.1,-0.3,4.6,3.3,-9.0,-11.8,-1.9,-12.2,47.0
2020-09-01,Sep-20,511,124,124,402,322,189,94.0,4.0,3.0,1.0,4.0,0.0,96.0,2.89,3.83,108.4,867.61,636.1,73.9,119.07,0.3,5.6,3.1,-6.1,-8.9,1.7,-11.7,43.9
2020-10-01,Oct-20,511,119,121,400,311,200,93.0,4.0,2.0,2.0,4.0,2.0,92.0,1.93,4.04,106.63,974.24,714.5,78.43,127.43,1.8,6.3,3.0,-4.1,-11.5,4.0,-10.7,45.8
2020-11-01,Nov-20,551,124,102,440,300,251,88.0,4.0,2.0,3.0,5.0,3.0,86.0,1.85,4.4,98.1,1072.34,789.2,74.72,126.05,2.6,6.8,3.2,-2.7,-10.3,6.3,-8.8,49.3
2020-12-01,Dec-20,643,156,101,455,351,293,91.0,5.0,1.0,3.0,5.0,3.0,89.0,1.38,4.85,97.17,1169.51,866.7,77.48,124.16,2.9,7.0,3.7,-1.4,-8.2,8.4,-8.3,45.8
2021-01-01,Jan-21,661,168,124,495,393,268,92.0,5.0,1.0,4.0,6.0,35.0,89.0,2.4,10.14,181.51,181.51,129.3,129.29,125.01,35.0,38.3,11.0,89.9,20.8,83.0,70.8,44.3
2021-02-01,Feb-21,663,165,144,498,408,255,83.0,5.0,1.0,4.0,6.0,35.0,80.0,2.4,7.54,181.51,181.51,129.3,129.29,126.45,35.0,38.3,11.0,89.9,20.8,83.0,70.8,48.6
2021-03-01,Mar-21,733,167,116,521,382,351,94.0,8.0,1.0,6.0,8.0,26.0,90.0,1.32,7.54,101.93,283.44,234.6,105.26,131.33,25.6,25.6,11.2,81.7,43.8,54.6,49.8,47.9
2021-04-01,Apr-21,874,180,110,531,399,475,98.0,8.0,1.0,7.0,8.0,20.0,97.0,1.17,7.97,98.54,381.98,322.7,88.19,130.27,19.9,21.6,10.5,53.4,22.8,40.9,39.5,45.4
2021-05-01,May-21,970,206,125,598,455,515,100.0,5.0,1.0,4.0,5.0,15.0,96.0,1.21,5.27,89.79,471.77,405.8,83.04,126.22,15.4,18.3,10.1,38.4,21.4,29.2,33.4,46.1
2021-06-01,Jun-21,909,213,174,577,515,393,94.0,6.0,1.0,5.0,7.0,13.0,83.0,1.25,6.46,88.94,560.71,490.8,85.03,122.35,12.6,15.0,10.2,26.4,19.1,18.8,21.0,45.1
2021-07-01,Jul-21,905,211,209,587,546,358,87.0,6.0,1.0,5.0,7.0,10.0,86.0,1.05,5.67,88.32,649.03,570.2,79.37,128.13,10.3,12.7,9.0,18.9,13.8,11.3,17.3,43.1
2021-08-01,Aug-21,920,159,228,577,483,437,83.0,5.0,1.0,4.0,6.0,9.0,81.0,1.06,5.05,97.42,746.45,658.4,88.18,129.21,8.9,10.9,8.4,13.5,12.5,6.7,15.6,41.8
2021-09-01,Sep-21,909,120,350,581,542,368,74.0,5.0,1.0,4.0,7.0,7.0,71.0,1.26,4.92,95.5,841.95,743.4,85.01,133.22,7.3,8.8,7.9,9.4,7.0,2.1,13.0,45.0
2021-10-01,Oct-21,905,122,398,586,593,313,72.0,4.0,1.0,3.0,6.0,6.0,69.0,1.13,4.5,91.53,933.48,823.1,79.74,144.92,6.1,7.2,7.1,7.1,10.3,0.3,12.3,38.3
2021-11-01,Nov-21,786,95,368,525,520,266,69.0,4.0,1.0,3.0,6.0,5.0,68.0,1.42,4.36,104.88,1038.36,901.4,78.33,152.51,5.2,6.0,6.3,5.3,11.6,-0.2,11.4,36.6
2021-12-01,Dec-21,764,114,342,537,525,239,86.0,5.0,1.0,4.0,6.0,5.0,83.0,1.0,5.03,85.96,1124.32,980.5,79.09,156.26,4.9,4.4,5.2,4.8,8.0,-0.4,9.4,38.7
2022-01-01,Jan-22,749,131,409,580,618,132,84.0,4.0,1.0,4.0,5.0,12.0,81.0,1.01,8.23,87.28,181.08,155.8,99.8,153.1,12.2,3.7,1.8,1.4,-9.5,-2.5,3.9,47.5
2022-02-01,Feb-22,798,141,445,582,671,127,76.0,4.0,0.0,3.0,5.0,12.0,73.0,1.01,4.95,87.28,181.08,155.8,99.8,158.87,12.2,3.7,1.8,11.1,-9.5,-2.5,3.9,47.3
2022-03-01,Mar-22,855,150,592,596,832,23,90.0,5.0,2.0,3.0,6.0,9.0,82.0,2.21,4.95,87.28,268.36,255.6,99.8,153.89,9.3,0.7,1.0,4.9,-9.8,-5.9,0.7,44.3
2022-04-01,Apr-22,853,151,472,620,713,140,94.0,5.0,1.0,4.0,5.0,7.0,89.0,0.96,4.98,86.02,354.38,330.8,75.24,145.18,6.8,-2.7,1.0,-7.8,-11.1,-7.5,-0.7,40.5
2022-05-01,May-22,763,134,502,584,717,46,97.0,8.0,1.0,7.0,8.0,6.0,92.0,0.81,7.76,92.47,446.85,423.9,93.09,134.54,6.2,-4.0,-1.0,-7.2,-13.1,-8.1,-0.8,40.9
2022-06-01,Jun-22,714,130,372,552,580,134,91.0,8.0,1.0,7.0,8.0,6.0,85.0,0.79,7.56,88.9,535.75,501.2,77.33,126.26,6.1,-5.4,-2.8,-2.1,-11.1,-6.2,1.1,36.2
2022-07-01,Jul-22,623,107,240,440,411,212,81.0,7.0,1.0,6.0,8.0,6.0,77.0,0.79,6.67,91.07,626.82,572.3,71.11,135.35,5.7,-6.4,-3.7,-2.9,-2.3,-5.9,1.1,33.0
2022-08-01,Aug-22,597,105,244,457,411,186,84.0,6.0,1.0,5.0,7.0,6.0,79.0,0.89,6.15,96.1,722.92,652.6,80.31,140.36,5.8,-7.4,-4.5,6.1,1.4,-5.7,1.9,46.1
2022-09-01,Sep-22,576,98,265,445,422,154,87.0,5.0,1.0,4.0,6.0,6.0,84.0,0.85,4.97,99.71,822.54,731.9,78.98,130.76,5.9,-8.0,-5.3,8.1,-0.8,-3.1,3.5,46.6
2022-10-01,Oct-22,550,92,290,402,437,113,81.0,5.0,1.0,4.0,6.0,6.0,76.0,0.77,5.18,94.98,917.42,809.9,72.68,129.44,5.8,-8.8,-5.7,8.1,-2.1,-3.3,3.2,44.3
2022-11-01,Nov-22,525,93,282,393,431,94,76.0,6.0,1.0,5.0,7.0,5.0,70.0,0.75,5.59,98.85,1016.1,889.0,79.54,132.78,5.3,-9.8,-6.5,5.6,-5.1,-3.7,2.0,40.1
2022-12-01,Dec-22,574,111,263,436,440,134,79.0,5.0,1.0,5.0,7.0,5.0,73.0,0.7,5.4,90.86,1106.86,967.9,78.61,131.86,5.1,-10.0,-7.2,3.4,-4.5,-3.6,1.8,44.3
2023-01-01,Jan-23,622,123,318,460,514,108,83.0,6.0,1.0,6.0,8.0,6.0,83.0,1.23,12.19,100.14,194.2,150.35,92.91,137.26,5.5,-5.7,-4.4,-14.0,-21.9,7.9,10.8,46.6
2023-02-01,Feb-23,647,126,369,463,570,76,78.0,6.0,1.0,5.0,7.0,6.0,75.0,1.23,7.89,100.14,194.2,150.35,92.91,142.23,5.1,-5.7,-4.4,-14.0,-21.9,7.9,10.8,50.1
2023-03-01,Mar-23,666,127,345,462,548,118,96.0,8.0,1.0,7.0,8.0,5.0,85.0,0.68,7.89,100.14,294.34,243.267,92.91,134.61,5.1,-5.8,-5.2,-5.1,-7.9,8.4,12.6,48.4
2023-04-01,Apr-23,623,116,269,437,455,168,93.0,8.0,1.0,7.0,9.0,5.0,85.0,0.59,7.93,90.34,384.68,314.382,71.12,128.87,4.7,-6.2,-5.6,4.3,0.5,11.0,12.2,45.0
2023-05-01,May-23,561,105,231,400,399,163,90.0,8.0,1.0,8.0,9.0,4.0,82.0,0.63,8.36,96.07,480.75,391.352,76.97,127.43,4.0,-7.2,-6.2,7.1,-4.5,12.4,14.2,35.2
2023-06-01,Jun-23,542,113,231,403,411,131,91.0,8.0,1.0,7.0,8.0,4.0,84.0,0.61,7.51,95.39,576.14,476.759,85.41,127.42,3.8,-7.9,-6.6,6.1,1.6,13.3,16.6,49.9
2023-07-01,Jul-23,550,112,232,410,412,138,91.0,7.0,1.0,7.0,8.0,3.0,84.0,0.68,7.31,93.32,669.46,566.8,90.04,124.92,3.4,-8.5,-6.8,4.5,-0.3,13.8,17.9,49.9
2023-08-01,Aug-23,553,109,255,405,430,124,87.0,8.0,1.0,8.0,10.0,3.0,79.0,0.64,8.28,106.2,775.66,659.169,92.37,121.27,3.2,-8.8,-7.1,4.8,2.2,14.5,16.5,45.2
2023-09-01,Sep-23,537,121,306,403,499,38,82.0,8.0,1.0,7.0,10.0,3.0,75.0,0.64,8.06,100.99,876.65,742.766,83.6,113.85,3.1,-9.1,-7.1,4.3,2.8,13.6,13.7,45.8
2023-10-01,Oct-23,526,119,353,398,544,-18,79.0,8.0,1.0,7.0,10.0,3.0,72.0,0.67,7.73,99.39,975.84,825.758,82.99,111.37,2.9,-9.3,-7.3,4.9,4.0,14.1,12.4,45.6
2023-11-01,Nov-23,542,130,321,400,530,13,76.0,8.0,1.0,7.0,11.0,3.0,70.0,0.61,8.01,39.54,1015.38,904.027,78.27,114.98,2.9,-9.4,-7.2,6.8,4.4,14.2,12.6,48.2
2023-12-01,Dec-23,560,136,326,412,544,15,67.0,8.0,1.0,7.0,11.0,3.0,60.0,0.67,7.73,163.68,1179.06,990.555,86.53,119.92,3.0,-7.2,-7.2,9.3,1.6,14.5,13.5,46.0
2024-01-01,Jan-24,560,135,332,421,548,11,87.0,8.0,1.0,8.0,9.0,4.0,79.0,1.13,15.91,100.68,209.45,175.9,108.23,129.46,4.2,-9.0,-11.0,51.2,6.8,12.8,18.8,46.0
2024-02-01,Feb-24,550,125,315,417,515,35,81.0,8.0,1.0,7.0,9.0,4.0,74.0,1.13,15.91,100.68,209.45,175.9,108.23,138.93,4.2,-9.0,-11.0,4.4,6.8,12.8,18.8,46.0
2024-03-01,Mar-24,527,110,275,395,451,76,88.0,10.0,1.0,9.0,11.0,5.0,88.0,0.62,9.89,100.68,310.13,284.1,108.23,144.31,4.5,-9.5,-11.1,5.3,3.9,12.8,16.5,44.2
2024-04-01,Apr-24,519,111,239,374,416,103,86.0,9.0,1.0,9.0,11.0,4.0,69.0,0.66,9.22,73.99,384.12,368.9,84.78,147.59,4.2,-9.8,-10.8,7.7,2.4,14.1,17.6,47.9
2024-05-01,May-24,531,118,239,390,427,104,93.0,10.0,1.0,9.0,10.0,4.0,85.0,0.64,9.63,129.63,513.75,457.4,88.48,148.6,4.0,-10.1,-11.1,6.6,1.6,12.1,16.7,49.8
2024-06-01,Jun-24,518,107,249,378,420,98,92.0,9.0,1.0,8.0,10.0,4.0,83.0,0.58,8.75,97.42,611.17,554.1,96.75,149.26,3.9,-10.1,-12.0,5.7,1.3,9.7,13.8,47.8
2024-07-01,Jul-24,498,106,237,376,407,92,83.0,8.0,1.0,7.0,9.0,4.0,75.0,0.51,7.83,102.6,713.77,622.8,68.67,156.9,3.6,-10.2,-12.1,4.5,1.4,7.3,9.5,42.5
2024-08-01,Aug-24,464,99,206,346,363,100,78.0,9.0,1.0,9.0,12.0,3.0,68.0,0.51,9.5,101.18,814.95,696.5,73.73,160.32,3.4,-10.2,-12.0,3.4,1.1,7.3,7.8,40.4
2024-09-01,Sep-24,453,94,187,337,337,116,77.0,10.0,1.0,10.0,13.0,3.0,66.0,0.55,10.15,103.92,918.87,781.4,84.88,157.93,3.4,-10.1,-12.2,2.7,1.1,7.5,8.0,49.0
2024-10-01,Oct-24,497,104,204,354,370,127,82.0,11.0,1.0,11.0,14.0,3.0,70.0,0.54,11.18,103.84,1022.53,871.5,90.16,160.47,3.4,-10.3,-12.4,3.0,1.3,8.5,8.2,54.6
