Month,"HRC 
(FOB, $/t)","Iron Ore 
(CFR, $/t)","HCC 
(Aus FOB, $/t)",Domestic Scrap (DDP Jiangsu incl. VAT $/t),"RM Cost 
($/t)","HRC - RM 
Spread ($/t)",CS Production (Mnt),"Exports 
(Mnt)","Imports 
(Mnt)",Net Exports (Mnt),Export as % of Production,Cummulative FAI growth (%),"ACSU 
(Mnt)",Monthly Imports of semis & finished steel (Mt.),Monthly Export of semis & finished steel (Mt.),Monthly Iron ore Imports (Mt.),YTD Iron ore Imports (Mt.),YTD Iron ore Production (Mt.),Monthly Iron ore Production (Mt.),Stocks of iron ore at China's seaport (Mt.),YTD Growth rate of  Investment  (Fixed asset investment),Fixed asset investment in real estate development in urban areas (y-o-y )Growth,Floor space under construction (y-o-y),Automobile Production (y-o-y),Civil Metal-Vessels/Steel Ships (y-o-y),Household Fridges (y-o-y),Air Conditioner (y-o-y),Manufacturing PMI for steel
Jan-25,388,47,125,248,200,187,30,2,2,0,7%,26.60%,30,,,,,,,,,,,,,,,
Feb-25,388,48,125,248,202,185,30,2,1,1,7%,26.60%,29,,,,,,,,,,,,,,,
Mar-25,449,50,125,251,205,244,33,3,2,1,9%,29.80%,32,,,,,,,,,,,,,,,
Apr-25,478,57,116,257,207,271,35,3,2,1,9%,29.60%,33,,,,,,,,,,,,,,,
May-25,505,56,116,263,205,300,36,4,2,3,12%,30.30%,33,,,,,,,,,,,,,,,
Jun-25,559,55,116,266,205,354,37,5,2,4,15%,31.30%,33,,,,,,,,,,,,,,,
Jul-25,540,57,116,244,208,332,36,4,2,3,12%,30.50%,33,,,,,,,,,,,,,,,
Aug-25,495,60,116,253,212,283,37,5,2,3,14%,29.10%,33,,,,,,,,,,,,,,,
Sep-25,472,59,116,252,211,261,36,5,2,3,14%,28.20%,33,1.61,5.14,28.14,247.2,405.8,,41,27.30%,24.30%,18.50%,24.00%,6.00%,34.20%,3.90%,51.70%
Oct-25,477,62,85,260,185,292,38,5,1,4,14%,26.80%,34,1.42,5.19,21.97,,462.3,56.5,40.77,26.80%,24.10%,18.80%,25.10%,11.40%,31.80%,6.70%,55.90%
Nov-25,470,62,84,262,182,288,38,6,2,5,16%,26.60%,31,1.45,6.11,28.56,297.69,521.5,59.2,37.48,26.60%,24.00%,18.40%,26.10%,8.30%,28.90%,7.20%,54.90%
Dec-25,470,61,90,270,188,282,39,6,2,4,15%,24.50%,32,1.53,6.05,,326.3,588.2,66.7,38.2,24.00%,21.80%,,27.00%,13.10%,,,50.10%
Jan-25,470,62,98,273,197,273,38,5,2,3,13%,23.40%,35,1.53,4.95,35.85,,,,39.8,,,,45.00%,,,,55.40%
Feb-25,481,62,100,288,199,282,36,5,1,4,13%,23.40%,32,1.28,4.92,28.75,,,,44.6,23.40%,24.30%,17.20%,21.50%,,,,60.30%
Mar-25,560,63,103,295,203,357,40,6,2,4,15%,25.30%,36,1.61,6.04,35.62,,,,44.5,23.70%,26.90%,19.30%,22.30%,8.60%,,16.10%,54.20%
Apr-25,562,70,107,303,219,342,41,8,2,6,20%,25.50%,34,1.66,8.03,33.37,133.55,,,43.07,25.50%,27.40%,21.30%,21.40%,23.00%,,17.90%,55.80%
May-25,591,73,109,306,226,365,42,7,1,6,17%,25.90%,35,1.41,7.14,27.62,161.17,252.28,,45.06,25.90%,27.50%,20.60%,22.00%,24.00%,,19.70%,60.10%
Jun-25,572,68,120,314,228,344,43,7,1,6,17%,26.70%,36,1.44,7.1,26.9,187.92,321.29,69.01,44.29,25.90%,28.50%,20.60%,22.90%,20.80%,,23.30%,54.40%
Jul-25,526,71,129,340,242,284,42,7,1,5,16%,26.60%,36,1.42,6.81,33.61,221.52,380.42,59.13,44.43,26.60%,28.90%,21.50%,24.30%,21.70%,,25.70%,54.70%
Aug-25,536,75,140,349,260,275,42,6,1,4,14%,26.70%,37,1.49,5.72,29.29,250.81,442.17,61.75,39.91,26.70%,29.00%,21.60%,24.00%,27.80%,,24.40%,55.90%
Sep-25,556,80,150,363,278,278,44,5,1,3,11%,26.40%,39,1.47,4.8,33.24,284.05,505.47,63.3,41.24,25.70%,30.30%,20.80%,23.60%,28.60%,,26.40%,52.40%
Oct-25,565,91,165,400,311,254,43,4,1,3,10%,26.90%,40,1.24,4.42,29.77,313.75,566.83,61.36,40.84,26.90%,31.40%,22.80%,23.70%,29.10%,,26.30%,52.70%
Nov-25,583,90,173,431,317,266,40,4,1,3,10%,26.80%,37,1.36,4.27,35.46,349.03,633.45,66.62,45.34,26.80%,31.80%,22.10%,23.50%,34.10%,,24.90%,55.80%
Dec-25,635,89,180,445,322,313,42,5,1,3,11%,25.60%,38,1.36,4.91,34.2,383.09,707.07,73.62,49.73,24.80%,30.20%,,22.00%,29.40%,,,53.50%
Jan-25,677,75,200,460,320,357,41,4,1,3,10%,24.30%,38,1.45,4.22,36.81,,,,47.63,,,,8.50%,,,17.00%,51.50%
Feb-25,721,80,330,513,459,262,39,3,1,2,8%,24.30%,37,1.27,3.11,38.2,75,101.22,101.22,55.22,24.30%,32.90%,31.10%,12.50%,113.90%,15.80%,18.40%,58.60%
Mar-25,838,79,350,511,477,360,45,4,2,3,9%,25.90%,42,1.53,4.17,35.68,110.66,167.69,66.47,60.3,24.60%,32.30%,26.00%,15.80%,69.50%,16.40%,15.80%,56.60%
Apr-25,892,122,380,578,575,317,45,5,2,3,10%,25.70%,41,1.52,4.79,42.85,153.49,235.4,67.71,60.77,25.70%,32.10%,23.90%,17.40%,63.50%,18.30%,13.40%,59.90%
May-25,979,131,385,602,595,384,46,6,1,4,12%,25.60%,42,1.36,5.58,38.91,192.36,463.18,227.78,62.41,25.60%,31.90%,22.90%,18.10%,47.60%,17.50%,14.10%,56.00%
Jun-25,1003,124,385,612,584,419,47,5,1,4,11%,26.80%,43,1.27,5.24,37.79,230.04,391.38,-71.8,62.15,26.30%,33.50%,22.70%,17.60%,42.50%,10.50%,6.70%,55.80%
Jul-25,1029,122,400,548,595,434,45,7,1,6,16%,27.30%,39,1.45,7.44,39.63,269.61,455.93,64.55,73.5,27.30%,30.90%,21.90%,17.20%,38.30%,6.00%,4.90%,51.80%
Aug-25,971,123,385,476,581,390,43,8,1,7,19%,27.40%,35,1.34,8.24,37.4,307.01,519.32,63.39,74.46,27.40%,29.10%,21.10%,14.90%,40.00%,4.60%,3.10%,43.60%
Sep-25,838,115,375,300,559,279,39,7,1,6,17%,27.60%,34,1.29,6.88,39.2,346.1,585.6,66.28,73.85,27.00%,26.50%,20.40%,13.60%,38.00%,3.50%,1.10%,39.80%
Oct-25,671,88,340,337,481,190,36,5,1,3,13%,27.20%,32,1.17,4.73,30.62,376.67,654.2,68.6,71.92,27.20%,24.60%,18.70%,12.40%,35.90%,3.50%,-0.50%,30.60%
Nov-25,520,55,250,350,338,182,34,3,1,2,8%,26.80%,33,1.04,2.98,32.52,409.1,741.6,87.4,67.83,26.80%,22.70%,17.70%,9.70%,40.00%,3.00%,-2.80%,32.00%
Dec-25,508,62,150,395,249,259,38,3,1,2,8%,26.20%,36,1.04,3.19,34.53,443.56,824,82.4,60.94,25.50%,20.90%,17.70%,6.50%,44.20%,8.00%,-4.90%,49.90%
Jan-25,569,71,140,403,254,315,41,2,1,1,5%,26.50%,40,1.02,1.91,32.65,,58.19,,58.34,,,,-21.60%,,,,58.40%
Feb-25,543,75,150,344,270,273,41,2,1,0,4%,26.50%,40,1.43,1.57,46.74,,105.4,47.21,59.31,26.50%,1.00%,,-1.70%,13.90%,6.80%,-26.90%,51.00%
Mar-25,499,61,120,339,218,281,45,2,2,0,4%,28.60%,45,1.74,1.67,52.08,,166.72,61.32,67.44,28.80%,4.10%,12.70%,3.70%,30.10%,7.90%,-28.00%,45.80%
Apr-25,460,59,120,354,214,246,44,1,2,-1,3%,30.50%,44,2.29,1.41,57,,228.42,61.7,68.83,30.50%,4.90%,,7.60%,18.40%,7.00%,-20.50%,50.30%
May-25,483,61,115,381,213,270,47,1,2,-1,3%,32.90%,47,2.35,1.35,53.5,,295.64,67.22,70.99,32.90%,6.80%,11.70%,12.00%,37.60%,5.50%,-22.70%,56.50%
Jun-25,490,71,115,410,229,261,49,1,2,-1,3%,33.60%,50,2.01,1.44,55.29,,377.92,82.28,69.43,33.50%,9.90%,12.70%,16.40%,36.00%,9.20%,-20.00%,60.30%
Jul-25,535,78,140,421,265,270,51,2,2,-1,3%,32.90%,51,2.32,1.81,58.08,404.9,455.78,77.86,70.93,32.90%,11.60%,12.50%,20.70%,35.40%,12.60%,-16.70%,64.80%
Aug-25,575,104,165,403,331,244,52,2,2,0,4%,33.00%,52,1.95,2.08,49.68,,533.11,77.33,72.2,33.00%,14.70%,22.70%,27.10%,31.80%,15.00%,-12.10%,58.90%
Sep-25,524,75,170,359,290,234,51,2,2,0,5%,33.30%,50,2.19,2.47,64.55,469.44,618.6,85.49,72.47,33.40%,17.70%,24.70%,31.70%,34.10%,16.20%,-10.30%,46.10%
Oct-25,474,83,170,374,303,171,52,3,2,1,5%,33.10%,51,1.81,2.71,45.47,514.81,702.66,84.06,68.15,33.10%,18.90%,25.60%,37.50%,38.20%,16.70%,-10.10%,50.80%
Nov-25,496,96,165,392,319,178,48,3,2,1,6%,32.10%,46,1.6,2.87,51.07,565.86,790.54,87.88,65.64,32.10%,17.80%,,43.20%,38.80%,17.60%,-6.40%,52.50%
Dec-25,518,99,170,410,328,189,48,3,2,2,7%,31.00%,46,1.58,3.35,62.16,627.78,880.17,89.63,66.07,30.10%,16.10%,,47.80%,40.10%,24.70%,-1.90%,54.60%
Jan-25,550,125,205,421,405,145,52,3,1,1,5%,26.60%,47,1.39,2.9,46.62,,,,67.33,,,,143.00%,,,,54.40%
Feb-25,545,121,220,425,414,131,50,2,1,1,5%,26.60%,49,1.19,2.49,49.38,96.07,124.34,124.34,68.93,26.60%,31.10%,,89.70%,95.40%,45.80%,27.70%,58.70%
Mar-25,617,134,220,484,434,182,55,3,2,2,6%,26.40%,53,1.71,3.33,59.01,155.03,204.13,79.79,68.26,25.60%,35.10%,,73.20%,92.40%,27.40%,30.00%,53.20%
Apr-25,697,176,250,454,532,165,55,4,2,3,8%,26.10%,53,1.57,4.31,55.33,210.32,292.26,88.13,68.02,26.10%,36.20%,,61.90%,69.80%,28.50%,30.00%,57.30%
May-25,669,166,235,444,501,169,56,5,1,4,9%,25.90%,52,1.38,4.98,51.9,262.17,383.36,91.1,70.05,25.90%,38.20%,,53.60%,56.90%,29.30%,38.60%,50.00%
Jun-25,611,139,230,432,452,158,54,6,2,4,10%,25.50%,49,1.5,5.68,47.17,309.28,485.03,101.67,70.35,25.50%,38.10%,,46.60%,63.40%,28.20%,39.50%,44.30%
Jul-25,608,112,215,431,394,214,51,4,1,3,9%,24.90%,49,1.46,4.55,51.34,360.41,583.44,98.41,75.46,24.90%,37.20%,,42.30%,53.40%,26.80%,38.40%,45.40%
Aug-25,633,143,190,445,419,214,52,3,1,1,5%,24.80%,50,1.44,2.82,44.61,405.04,685.69,102.25,71.8,24.80%,36.70%,,38.40%,48.90%,26.30%,37.20%,53.40%
Sep-25,625,137,210,444,429,196,49,3,1,2,6%,24.50%,46,1.35,3.01,52.6,469.13,780.24,94.55,71.26,24.00%,36.40%,,35.30%,48.50%,27.00%,41.20%,50.80%
Oct-25,596,149,220,470,458,137,50,3,1,2,6%,24.40%,49,1.2,2.87,45.72,503.3,875.86,95.62,68.81,24.40%,36.50%,,33.80%,47.50%,28.40%,40.50%,51.80%
Nov-25,616,154,220,474,466,149,50,3,1,1,6%,24.90%,49,1.46,2.91,57.38,560.6,972.48,96.62,71.01,24.90%,36.50%,,33.10%,46.10%,28.40%,40.30%,50.20%
Dec-25,623,161,225,508,483,140,52,3,1,1,5%,24.40%,50,1.48,2.85,58.08,618.63,1071.56,99.08,73.21,24.50%,33.20%,,31.90%,54.60%,23.10%,34.90%,55.40%
Jan-25,685,167,350,577,617,68,56,3,2,1,5%,34.00%,51,1.72,3.12,68.97,,,,78.06,,,,11.30%,,,,53.00%
Feb-25,767,185,325,571,621,146,54,2,1,1,4%,34.00%,53,1.06,2.48,48.64,117.57,146.24,146.24,81.05,24.90%,35.20%,,10.30%,8.70%,15.00%,54.90%,60.00%
Mar-25,713,168,330,575,599,114,59,5,2,3,8%,32.50%,56,1.6,4.91,59.48,177.17,249.2,102.96,79.85,25.00%,34.10%,,10.30%,13.60%,20.90%,48.40%,46.20%
Apr-25,713,180,325,578,613,100,59,5,1,3,8%,34.20%,56,1.4,4.77,52.88,230.02,347.05,97.85,82.3,25.40%,34.30%,,6.90%,18.90%,17.60%,42.70%,52.90%
May-25,703,177,310,583,593,109,60,5,1,3,8%,34.00%,57,1.31,4.76,53.3,283.25,450.22,103.17,92.45,25.80%,34.60%,,5.20%,22.50%,17.60%,39.40%,53.90%
Jun-25,693,168,305,589,574,119,60,4,1,3,7%,27.00%,57,1.23,4.29,51.09,334.25,575.04,124.82,93.17,25.60%,32.90%,,5.00%,16.50%,18.70%,41.80%,50.40%
Jul-25,689,173,305,586,582,107,59,4,1,3,7%,27.20%,56,1.29,4.44,54.55,388.63,691.92,116.88,94.44,25.40%,33.60%,,4.00%,23.20%,19.10%,41.60%,54.40%
Aug-25,704,173,300,600,577,128,60,4,1,3,7%,28.10%,56,1.44,4.19,59.09,447.57,818.93,127.01,95.69,25.00%,33.20%,,4.70%,23.40%,18.30%,40.70%,50.00%
Sep-25,704,182,275,604,566,138,58,4,1,3,7%,28.00%,54,1.36,4.21,60.57,508.07,946.23,127.3,93.1,24.90%,32.00%,,4.50%,24.60%,17%,32.20%,49.60%
Oct-25,651,155,260,535,508,143,56,4,1,2,7%,28.70%,52,1.26,3.82,49.94,557.93,1078.48,132.25,92.74,24.90%,31.10%,,4.20%,22.80%,18.80%,28.90%,44.80%
Nov-25,606,136,235,552,453,153,51,4,1,3,8%,27.90%,47,1.35,4.2,64.2,622.01,1205.51,127.03,97.24,24.50%,29.90%,,3.90%,19.80%,19.20%,26.60%,42.60%
Dec-25,610,130,228,543,436,174,54,4,1,2,7%,25.10%,50,1.24,3.72,64.09,686.06,1326.94,121.43,95.6,23.80%,27.90%,,3.00%,16.90%,19.20%,27.80%,50.20%
Jan-25,615,136,219,518,437,178,57,4,1,3,6%,21.50%,49,0.95,3.73,53.92,,,,98.41,,,,-27.50%,,,,47.90%
Feb-25,636,140,215,527,439,197,56,3,1,2,6%,21.50%,54,1.23,3.39,64.98,117.61,153.08,153.08,98.72,21.50%,27.80%,,-1.80%,5.30%,9.80%,-4.80%,42.80%
Mar-25,648,137,210,532,429,218,62,5,1,4,8%,21.30%,56,1.32,5.03,62.87,187.62,259.6,106.52,98.02,20.90%,23.50%,,10.30%,-8.10%,6.90%,-1.20%,49.30%
Apr-25,646,147,215,515,450,196,61,5,1,3,7%,20.50%,57,1.16,4.67,57.69,244.74,363.25,103.65,97.11,20.20%,18.70%,,3.10%,-5.90%,4%,1.30%,55.70%
May-25,628,144,220,479,451,177,62,5,1,4,8%,20.70%,57,1.35,5.23,63.84,308.22,475.5,112.25,95.71,20.10%,18.50%,,6.20%,-2.90%,-6.50%,2.40%,48.80%
Jun-25,604,132,224,444,435,169,62,5,1,4,8%,21.00%,56,1.14,5.22,58.31,366.2,599.8,124.3,95.86,20.40%,16.60%,,6.70%,2.50%,-7.40%,1.50%,49.20%
Jul-25,573,133,214,401,427,146,62,4,1,3,7%,20.90%,58,1.19,4.32,57.87,423.75,715.29,115.49,97.74,20.40%,15.40%,,7.40%,-5%,-8.30%,-1.50%,44.50%
Aug-25,534,116,173,373,358,175,59,4,1,3,7%,20.70%,56,1.23,4.24,62.45,486.05,839.02,123.73,98.18,20.20%,15.60%,,7.60%,-7.80%,-7%,-1.50%,39.90%
Sep-25,511,86,160,421,298,213,59,5,1,4,9%,21.00%,54,1.23,5.15,65.01,550.76,968.11,129.09,94.68,20.50%,15.40%,,7.30%,-12.80%,-4.60%,0.30%,43.50%
Oct-25,533,105,140,447,309,224,60,5,1,4,8%,21.20%,55,1.05,4.84,56.43,607.12,1091.15,123.04,88.49,20.70%,15.40%,,6.90%,-9.80%,-3.80%,2%,52.70%
Nov-25,540,118,153,445,342,198,58,5,1,4,9%,21.10%,53,1.1,5.13,65.78,672.91,1205.72,114.57,80.66,20.70%,16.70%,,6.50%,-11.80%,-3.10%,3.20%,49.20%
Dec-25,547,115,157,467,340,206,59,5,1,4,8%,20.80%,54,1.08,4.85,70.94,743.55,1309.64,103.92,73.14,20.60%,16.20%,13.20%,6.30%,-21.40%,-3.10%,-4.50%,55.50%
Jan-25,587,157,166,470,417,170,67,5,1,4,7%,21.20%,55,0.97,4.24,65.66,,,,67.77,,,,51.20%,,,,49.3
Feb-25,610,156,171,452,421,189,62,4,1,3,7%,21.20%,58,,,56.42,121.95,175.17,175.17,69.52,21.20%,22.80%,,12.40%,-13.20%,7.60%,-3.70%,58.9
Mar-25,594,144,160,429,390,203,69,5,1,4,8%,20.90%,62,,,,186.52,288.8,,,20.90%,20.20%,,13.50%,-13.10%,9.00%,5.30%,44.6
Apr-25,552,136,149,414,367,185,67,5,1,4,8%,20.60%,61,1.31,5.55,67.08,253.6,398,109.24,68.03,20.60%,21.10%,,15.40%,-17.50%,8.80%,2.80%,45.1
May-25,523,130,144,379,351,172,69,5,1,4,8%,20.40%,63,1.31,5.42,68.47,322.07,516.2,118.23,71.83,20.40%,20.60%,,15.40%,-21.90%,21.70%,-2.10%,46.8
Jun-25,502,118,136,387,324,178,66,5,1,4,8%,20.10%,60,1.16,5.29,62.22,384.29,646.4,130.16,73.11,20.10%,20.30%,,15.20%,-28.10%,18.50%,1.50%,52.5
Jul-25,513,128,133,427,337,175,67,5,1,4,8%,20.10%,61,1.21,5.14,72.94,457.23,772.6,126.17,72.66,20.10%,20.50%,,15.10%,-25.70%,12.40%,8.00%,NA
Aug-25,531,138,144,427,365,166,68,6,1,5,9%,20.30%,61,1.3,6.18,68.89,526.12,904.2,131.64,72.99,20.30%,19.30%,14.40%,15.10%,-24.80%,11.10%,9.00%,53.4
Sep-25,541,135,152,418,368,173,68,5,1,4,7%,20.20%,62,1.27,4.89,74.37,600.49,1043.4,139.21,72.33,20.20%,19.70%,15.00%,15.30%,-24.60%,10.60%,8.00%,49.2
Oct-25,521,133,147,414,360,161,68,5,1,4,7%,20.10%,61,1.17,5.08,68.04,668.53,1178.3,134.92,75.55,20.10%,19.20%,,17.20%,-25.70%,11.40%,8.50%,47.5
Nov-25,521,137,143,414,362,158,63,5,1,4,8%,19.90%,57,1.31,4.99,77.89,746.42,1317.2,138.85,82.8,19.90%,19.50%,16.10%,18.10%,-24.50%,11.30%,11.30%,49
Dec-25,524,136,137,407,354,171,67,5,1,4,8%,19.60%,58,1.2,5.37,72.99,819.41,1451,133.82,83.43,19.60%,19.80%,,18.40%,-24.70%,10.60%,11.60%,47.7
Jan-25,529,129,131,402,337,192,70,7,1,5,10%,17.90%,56,,,,,,,,,19.30%,,,,,,40.7
Feb-25,528,121,127,380,321,206,63,5,1,4,8%,17.90%,58,,,,148.36,183.3,,100.19,17.90%,19.30%,,12.50%,-25.40%,0.70%,16.30%,39.9
Mar-25,519,112,115,373,294,225,70,7,1,5,10%,17.60%,65,1.31,6.76,74.01,222.37,307.7,124.4,107.08,17.60%,16.80%,,10.80%,-16.20%,1.20%,19.90%,44.2
Apr-25,520,115,113,367,296,224,69,7,1,6,11%,17.30%,62,1.37,7.54,83.36,305.73,427.8,120.12,108.7,17.30%,16.40%,,8.30%,-9.60%,1.00%,16.20%,52.6
May-25,512,101,116,359,278,233,71,8,1,7,11%,17.20%,63,1.23,8.07,77.35,383.08,568.5,140.68,111.23,17.20%,14.70%,,10.80%,-2.60%,0.30%,14.40%,46.4
Jun-25,505,93,116,359,265,240,70,7,1,6,10%,17.30%,63,1.16,7.07,74.52,457.6,710.6,142.12,110.24,17.30%,14.10%,,10.90%,0.20%,0.70%,16.30%,48.3
Jul-25,506,96,114,352,268,237,69,8,1,7,12%,17.00%,61,1.25,8.06,82.64,540.24,849.4,138.8,108.15,17.00%,13.70%,11.30%,10.90%,0.40%,3.40%,14.70%,48.6
Aug-25,506,93,114,319,263,243,69,8,1,6,11%,16.50%,62,1.19,7.76,74.79,615.03,986,136.64,106.98,16.50%,13.20%,11.50%,9.90%,1.90%,3.10%,14.60%,48.4
Sep-25,493,83,112,317,244,248,68,8,1,7,12%,16.10%,60,1.4,8.52,84.82,699.85,1123.4,137.38,105.15,16.10%,12.50%,11.50%,9.30%,4.60%,1.90%,13.90%,43.6
Oct-25,480,81,112,324,241,239,68,8,1,7,12%,15.90%,60,1.1,8.55,79.37,779.22,1257.9,134.48,102.03,15.90%,12.40%,12.30%,9.00%,3.70%,0.80%,13.30%,46
Nov-25,468,74,113,314,230,238,64,10,1,9,15%,15.80%,54,1.14,9.72,66.55,845.77,1386.4,128.5,101.95,15.80%,11.90%,10.10%,8.40%,5.30%,0.30%,13.80%,43.3
Dec-25,458,69,114,292,225,233,68,10,1,9,15%,15.70%,59,1.24,10.17,87.79,933.56,1514.2,127.84,93.38,15.70%,10.50%,9.20%,7.10%,5.50%,-1.00%,11.50%,44.1
Jan-25,429,68,112,276,221,208,67,10,1,9,15%,13.90%,57,,,,146.56,175.5,,93.56,13.90%,10.40%,7.60%,4.60%,15.40%,1.00%,-7.00%,88.1
Feb-25,377,63,109,262,210,167,61,8,1,7,13%,13.90%,57,,,,,,,,,,,,,,,
Mar-25,373,57,105,247,196,176,69,8,1,6,11%,13.50%,63,1.2,7.7,80.5,227.06,281.2,105.62,96.26,13.50%,8.50%,6.80%,4.70%,18.90%,-3.30%,-1.50%,43
Apr-25,367,52,95,236,178,189,69,8,1,7,12%,12.00%,62,1.2,8.53,80.19,307.25,384.2,103.02,91.59,12.00%,-6.00%,6.20%,3.20%,,,,48.2
May-25,361,61,85,225,182,179,69,9,1,8,13%,11.40%,62,1.06,9.21,71.13,378.38,502.4,118.27,79.69,11.40%,-5.10%,5.30%,2.20%,8.80%,-0.70%,2.40%,42.4
Jun-25,346,63,90,195,190,156,68,9,1,8,13%,11.40%,62,1.16,8.88,74.84,453.22,634.9,132.46,75.29,11.40%,-4.60%,4.30%,2.00%,7.10%,,,37.4
Jul-25,316,52,86,212,170,146,65,10,1,9,15%,11.20%,57,1.05,9.73,85.7,538.92,761,126.09,76.63,11.20%,-4.30%,3.40%,0.20%,5.20%,-1.20%,2.40%,41
Aug-25,305,56,84,202,173,132,67,10,1,9,15%,10.90%,58,1.02,9.74,74.04,612.96,885.1,124.15,80.59,10.90%,-3.50%,2.50%,-0.50%,5.00%,-1.30%,1.50%,44.7
Sep-25,285,57,83,187,174,111,66,11,1,10,17%,10.30%,55,1.01,11.24,86.09,699.05,1016,130.86,85.52,10.30%,-2.60%,3.00%,-0.90%,3.90%,-1.70%,1.00%,43.7
Oct-25,270,53,80,177,165,104,66,9,1,8,14%,10.20%,58,0.95,9.02,75.46,774.51,1135.3,119.25,84.45,10.20%,-2.00%,2.30%,-0.30%,3.60%,-1.40%,-0.10%,42.2
Nov-25,261,46,75,156,149,112,63,10,1,9,15%,10.20%,54,0.92,9.61,82.04,856.55,1252.3,117.02,89.17,10.20%,-1.30%,1.80%,1.40%,0.10%,-1.40%,-0.40%,37
Dec-25,260,40,77,159,141,118,65,11,1,9,16%,10.00%,55,1.18,10.66,96.17,952.72,1381.3,129.02,96.08,10.00%,-1.00%,1.30%,2.70%,-0.30%,-1.90%,0.00%,40.6
Jan-25,272,41,77,167,143,129,63,10,1,9,15%,10.20%,57,,,,155.8,161.9,,98.19,10.20%,3.00%,5.90%,5.30%,,,,49
Feb-25,280,47,76,188,151,130,58,8,1,7,14%,10.20%,51,,,,,,,,,,,,,,,
Mar-25,346,56,83,232,172,173,71,10,1,9,14%,10.70%,62,1.27,9.98,85.76,241.56,261.6,99.68,94.54,10.70%,6.20%,5.80%,6.50%,-5.00%,1.70%,-2.00%,49.7
Apr-25,422,60,92,221,188,234,69,9,1,8,13%,10.50%,61,1.1,9.07,83.88,325.44,365.1,103.51,98,10.50%,7.20%,5.80%,5.50%,-9.80%,-1.20%,-3.50%,57.3
May-25,379,56,91,203,180,199,71,9,1,8,13%,9.60%,62,1.09,9.38,86.71,412.15,472,106.92,99.67,9.60%,7.00%,5.60%,5.60%,-11.00%,-4.10%,-6.50%,50.9
Jun-25,333,52,90,218,172,161,69,11,1,10,16%,9.00%,60,,,,,,,102.23,9.00%,,,,,,,45.1
Jul-25,361,57,96,235,187,174,67,10,1,9,15%,8.10%,57,7.59,67.41,582.05,582.05,709.8,709.78,105.6,8.10%,5.30%,4.80%,8.10%,-11.90%,-2.30%,-3.10%,50.2
Aug-25,381,61,113,231,211,170,69,9,1,8,13%,8.10%,69,1.11,8.94,87.63,669.68,709.8,0,101.39,8.10%,5.40%,4.60%,10.00%,-10.80%,-1.10%,-1.10%,50.1
Sep-25,377,57,187,241,279,98,68,9,1,8,13%,8.20%,60,1.13,8.77,92.87,762.55,824.7,114.92,103.87,8.20%,5.80%,3.20%,12.30%,,,,49.5
Oct-25,394,58,231,257,324,69,68,8,1,6,11%,8.30%,62,1.08,7.62,80.76,843.31,1060,235.3,105.74,8.30%,6.60%,3.30%,12.70%,-12.00%,2.30%,2.10%,50.7
Nov-25,450,73,300,254,417,33,66,8,1,7,12%,8.30%,59,1.11,7.94,91.93,935.24,1162.3,102.34,109.81,8.30%,6.50%,2.90%,13.30%,-10.50%,4.60%,3.10%,51
Dec-25,501,80,266,252,395,107,67,8,1,7,11%,8.10%,60,1.2,7.75,88.88,1024.12,1280.9,118.55,111.18,8.10%,6.90%,3.20%,13.10%,-11.90%,4.60%,4.50%,47.6
Jan-25,497,81,186,259,316,181,68,7,1,6,11%,8.90%,61,1.09,7.42,,,,,,8.90%,,,,,,,49.7
Feb-25,501,88,161,260,302,199,61,6,1,5,9%,8.90%,56,1.09,5.75,,175.34,184.2,,126.99,8.90%,8.90%,3.20%,11.10%,49.20%,18.60%,16.30%,51.4
Mar-25,494,88,157,242,297,197,71,8,1,6,11%,9.20%,65,1.3,7.56,95.54,270.88,298.2,114.03,134.56,9.20%,9.10%,-3.10%,9.00%,37.50%,16.30%,16.50%,50.6
Apr-25,428,71,261,220,375,54,73,6,1,5,9%,8.90%,67,1.08,6.49,82.21,353.09,400.9,102.71,133.33,8.90%,9.30%,-3.10%,6.90%,31.40%,12.40%,17.60%,49.1
May-25,426,61,177,225,275,151,74,7,1,6,9%,8.60%,66,1.11,6.98,91.48,444.57,508.5,107.63,140.27,8.60%,8.80%,-3.10%,6.40%,29.30%,10.50%,19.00%,54.8
Jun-25,444,57,147,263,237,207,75,7,1,6,9%,8.60%,67,1.13,6.81,94.43,539,636.6,128.09,144.13,8.60%,8.50%,3.40%,6.30%,20.50%,8.90%,17.90%,54.1
Jul-25,493,67,166,273,273,220,76,7,1,6,9%,8.30%,68,0.98,6.96,86.43,625.43,751.5,114.83,142.31,8.30%,7.90%,3.20%,6.00%,21.60%,10.90%,18.60%,54.9
Aug-25,543,76,197,278,317,226,78,6,1,6,8%,7.80%,69,0.99,6.5,88.55,713.98,863.9,112.43,135.12,7.80%,7.90%,3.10%,5.90%,17.40%,11.60%,18.70%,57.2
Sep-25,575,71,204,278,318,257,75,5,1,4,7%,7.50%,68,1.24,5.14,102.74,816.72,975.7,111.8,133.87,7.50%,8.10%,3.10%,4.90%,14.20%,13.30%,18.90%,53.7
Oct-25,551,60,183,305,279,271,76,5,1,4,7%,7.30%,68,0.95,4.98,79.51,896.23,1081.7,106,133.9,7.30%,7.80%,2.90%,5.30%,12.60%,13.70%,18.50%,52.3
Nov-25,545,64,188,371,290,256,70,5,1,4,8%,7.20%,62,1.14,5.35,94.5,990.73,1160.1,78.43,140.31,7.20%,7.50%,3.10%,4.10%,12.10%,12.60%,19.90%,53.1
Dec-25,564,72,239,387,354,210,70,6,1,4,8%,7.20%,62,1.2,5.67,84.01,1074.74,1229.4,69.26,145.67,7.20%,7.00%,3.00%,3.20%,9.50%,13.60%,26.40%,50.2
Jan-25,572,76,241,380,362,210,72,5,1,3,6%,7.90%,64,1.19,4.65,,100.34,,,151.69,7.90%,9.90%,,13.60%,,,,50.9
Feb-25,585,77,225,381,348,238,65,5,1,4,7%,7.90%,61,1.03,4.85,84.4,184.74,123.5,123.46,157.66,7.90%,9.90%,1.50%,-5.00%,-10.40%,4.50%,17.00%,49.5
Mar-25,592,69,217,353,328,264,73,6,1,4,8%,7.50%,69,1.23,5.65,85.77,270.51,189.5,66,161.31,7.50%,10.40%,1.50%,-2.60%,-35.40%,-2.30%,13.60%,50.6
Apr-25,579,65,188,375,292,287,75,6,1,5,9%,7.00%,71,1.05,6.48,82.89,353.4,255,65.54,157.88,7.00%,10.30%,1.60%,0.40%,-30.10%,2.30%,12.90%,51.7
May-25,588,66,184,350,289,299,81,7,1,6,8%,6.10%,75,1.13,6.88,94.6,448,321.3,66.26,159.52,6.10%,10.20%,2.00%,2.00%,-28.80%,4.40%,16.10%,50.6
Jun-25,593,65,199,337,302,290,80,7,1,6,9%,6.00%,74,1.04,6.94,82.7,530.7,388.2,66.96,156.11,6.00%,9.70%,2.50%,3.50%,-23.50%,3.10%,14.40%,51.6
Jul-25,579,64,185,378,288,291,81,6,1,5,7%,5.50%,76,1.03,5.89,89.95,620.65,447.2,59,154.32,5.50%,10.20%,3.00%,3.20%,-19.40%,2.00%,12.60%,54.8
Aug-25,574,67,182,385,290,284,80,6,1,5,7%,5.30%,75,1.06,5.88,89.27,709.92,510.8,63.58,147.92,5.30%,10.10%,3.60%,2.20%,-16.30%,1.60%,11.10%,53.4
Sep-25,571,69,199,387,308,262,81,6,1,5,7%,5.30%,76,1.2,5.95,93.42,803.34,579.9,69.13,145.01,5.30%,9.90%,3.90%,0.60%,-11.60%,2.10%,12.90%,52
Oct-25,550,73,217,382,334,217,82,6,1,4,7%,5.70%,78,1.14,5.5,88.35,891.69,641.8,61.91,143.63,5.70%,9.70%,4.30%,-0.40%,-7.90%,2.20%,10.60%,52.1
Nov-25,507,73,221,367,337,170,77,5,1,4,7%,5.90%,73,1.06,5.3,86.2,977.89,695,53.12,140.35,5.90%,9.70%,4.70%,-2.30%,-7.30%,2.90%,10.30%,45.2
Dec-25,480,69,226,384,337,143,75,6,1,5,7%,5.90%,68,1.01,5.56,,,763.4,68.41,139.74,5.90%,9.50%,5.20%,-4.10%,-7.50%,2.50%,10.00%,45.6
Jan-25,485,75,199,393,320,165,79,6,1,5,8%,6.10%,70,1.18,6.19,,91.26,,,139.74,6.10%,11.60%,,,,,,51.5
Feb-25,508,87,206,390,346,162,71,5,1,4,6%,6.10%,71,0.82,4.51,83.14,174.4,118.6,,146.88,6.10%,11.60%,6.80%,-15.10%,-21.40%,6.40%,6.20%,50.6
Mar-25,531,86,212,388,349,182,80,6,1,5,8%,6.30%,75,0.9,6.33,86.39,260.79,192.3,73.71,147.03,6.30%,11.80%,8.20%,-10.40%,14.30%,4.70%,13.30%,44.9
Apr-25,529,93,204,387,354,175,85,6,1,5,7%,6.10%,80,1,6.33,79.42,340.21,264.9,72.66,134.27,6.10%,11.90%,8.80%,-11.80%,13.80%,4.10%,12.50%,52.1
May-25,518,99,208,376,366,152,89,6,1,5,6%,5.60%,84,0.98,5.74,83.71,423.92,335.5,70.54,123.98,5.60%,11.20%,8.80%,-14.10%,6.60%,3.70%,11.00%,50
Jun-25,494,109,198,378,372,122,88,5,1,4,6%,5.80%,83,0.95,5.31,75.17,499.09,406.9,71.48,115.65,5.80%,10.90%,8.80%,-14.20%,7.40%,4.50%,10.20%,48.2
Jul-25,507,120,181,397,373,134,85,6,1,5,7%,5.70%,83,0.84,5.57,90.99,590.08,483.9,76.94,116.42,5.70%,10.50%,9.00%,-12.80%,5.00%,4.20%,8.70%,47.9
Aug-25,482,91,157,383,303,179,87,5,1,4,6%,5.50%,83,0.97,5.01,94.77,684.85,558.3,74.45,121.31,5.50%,10.50%,8.80%,-12.50%,7.00%,2.80%,7.90%,44.9
Sep-25,459,92,145,379,293,167,83,5,1,4,6%,5.40%,76,1.11,5.33,99.29,784.14,634.5,76.17,120.33,5.40%,10.50%,8.70%,-12.00%,10.00%,4.30%,6.40%,44.2
Oct-25,439,89,149,385,292,147,82,5,1,4,6%,5.20%,78,1.03,4.78,93.04,877.18,711.6,77.1,126.49,5.20%,10.30%,9.00%,-11.10%,8.40%,3.80%,6.20%,41.3
Nov-25,444,85,134,390,269,175,80,5,1,4,6%,5.20%,77,1.04,4.58,93.51,970.69,786.4,74.84,123.83,5.20%,10.20%,8.70%,-9.60%,10.70%,4.00%,5.80%,45.4
Dec-25,470,91,136,387,283,188,84,5,1,3,6%,5.40%,78,1.48,4.68,98.26,1068.95,844.4,57.92,126.96,5.40%,9.90%,8.70%,-8.00%,9.30%,8.10%,6.50%,43.1
Jan-25,495,94,150,390,301,194,80,4,1,3,5%,-25%,71,2.04,7.81,,,,,123.53,-24.50%,-16.30%,,,,,,47.1
Feb-25,462,86,156,385,294,168,75,4,1,3,5%,-25%,82,2.04,,,176.84,111.2,,121.7,-24.50%,-16.30%,2.90%,-45.80%,-22.90%,-37.40%,-40.20%,36.6
Mar-25,440,88,159,370,300,141,79,6,1,5,8%,-16%,74,1.14,6.48,85.6,262.44,187.9,76.71,116.95,-16.10%,-7.70%,2.60%,-44.60%,-28.50%,-19.80%,-27.90%,42.2
Apr-25,401,84,130,324,264,137,86,6,1,5,7%,-10%,74,1.01,6.32,95.96,358.4,262.7,74.84,113.98,-10.30%,-3.30%,2.50%,-32.30%,-15.40%,-16.50%,-24.80%,45.9
May-25,413,93,114,356,262,151,93,4,1,3,5%,-6%,90,1.28,4.4,86.5,444.9,337,74.23,107.81,-6.30%,-0.30%,2.30%,-23.60%,-15.10%,-12.70%,-23.10%,50.9
Jun-25,438,102,111,368,275,163,92,4,2,2,4%,-3%,92,1.88,3.7,101.52,546.42,414,76.98,107.81,-3.10%,1.90%,2.60%,-16.50%,-10.40%,-6.90%,-16.40%,49.3
Jul-25,457,108,113,379,285,172,95,4,3,2,4%,-2%,94,2.61,4.18,112.51,658.93,486.4,72.49,114.03,-1.60%,7.40%,3.00%,-9.70%,-9.10%,-2.00%,-14.00%,49.2
Aug-25,501,122,107,390,302,199,96,4,2,1,4%,0%,97,2.24,3.68,100.28,759.21,562.2,75.74,111.1,-0.30%,4.60%,3.30%,-9.00%,-11.80%,-1.90%,-12.20%,47
Sep-25,511,124,124,402,322,189,94,4,3,1,4%,0%,96,2.89,3.83,108.4,867.61,636.1,73.9,119.07,0.30%,5.60%,3.10%,-6.10%,-8.90%,1.70%,-11.70%,43.9
Oct-25,511,119,121,400,311,200,93,4,2,2,4%,2%,92,1.93,4.04,106.63,974.24,714.5,78.43,127.43,1.80%,6.30%,3.00%,-4.10%,-11.50%,4.00%,-10.70%,45.8
Nov-25,551,124,102,440,300,251,88,4,2,3,5%,3%,86,1.85,4.4,98.1,1072.34,789.2,74.72,126.05,2.60%,6.80%,3.20%,-2.70%,-10.30%,6.30%,-8.80%,49.3
Dec-25,643,156,101,455,351,293,91,5,1,3,5%,3%,89,1.38,4.85,97.17,1169.51,866.7,77.48,124.16,2.90%,7.00%,3.70%,-1.40%,-8.20%,8.40%,-8.30%,45.8
Jan-25,661,168,124,495,393,268,92,5,1,4,6%,35%,89,2.4,10.14,,,,,125.01,35.00%,38.30%,,,,,,44.3
Feb-25,663,165,144,498,408,255,83,5,1,4,6%,35%,80,2.4,,181.51,181.51,129.3,129.29,126.45,35.00%,38.30%,11.00%,89.90%,20.80%,83.00%,70.80%,48.6
Mar-25,733,167,116,521,382,351,94,8,1,6,8%,26%,90,1.32,7.54,101.93,283.44,234.6,105.26,131.33,25.60%,25.60%,11.20%,81.70%,43.80%,54.60%,49.80%,47.9
Apr-25,874,180,110,531,399,475,98,8,1,7,8%,20%,97,1.17,7.97,98.54,381.98,322.7,88.19,130.27,19.90%,21.60%,10.50%,53.40%,22.80%,40.90%,39.50%,45.4
May-25,970,206,125,598,455,515,100,5,1,4,5%,15%,96,1.21,5.27,89.79,471.77,405.8,83.04,126.22,15.40%,18.30%,10.10%,38.40%,21.40%,29.20%,33.40%,46.1
Jun-25,909,213,174,577,515,393,94,6,1,5,7%,13%,83,1.25,6.46,88.94,560.71,490.8,85.03,122.35,12.60%,15.00%,10.20%,26.40%,19.10%,18.80%,21.00%,45.1
Jul-25,905,211,209,587,546,358,87,6,1,5,7%,10%,86,1.05,5.67,88.32,649.03,570.2,79.37,128.13,10.30%,12.70%,9.00%,18.90%,13.80%,11.30%,17.30%,43.1
Aug-25,920,159,228,577,483,437,83,5,1,4,6%,9%,81,1.06,5.05,97.42,746.45,658.4,88.18,129.21,8.90%,10.90%,8.40%,13.50%,12.50%,6.70%,15.60%,41.8
Sep-25,909,120,350,581,542,368,74,5,1,4,7%,7%,71,1.26,4.92,95.5,841.95,743.4,85.01,133.22,7.30%,8.80%,7.90%,9.40%,7.00%,2.10%,13.00%,45
Oct-25,905,122,398,586,593,313,72,4,1,3,6%,6%,69,1.13,4.5,91.53,933.48,823.1,79.74,144.92,6.10%,7.20%,7.10%,7.10%,10.30%,0.30%,12.30%,38.3
Nov-25,786,95,368,525,520,266,69,4,1,3,6%,5%,68,1.42,4.36,104.88,1038.36,901.4,78.33,152.51,5.20%,6.00%,6.30%,5.30%,11.60%,-0.20%,11.40%,36.6
Dec-25,764,114,342,537,525,239,86,5,1,4,6%,5%,83,1,5.03,85.96,1124.32,980.5,79.09,156.26,4.90%,4.40%,5.20%,4.80%,8.00%,-0.40%,9.40%,38.7
Jan-25,749,131,409,580,618,132,84,4,1,4,5%,NA,81,1.01,8.23,,NA,NA,,153.1,NA,3.70%,NA,1.40%,NA,NA,NA,47.5
Feb-25,798,141,445,582,671,127,76,4,0,3,5%,12%,73,1.01,,,181.08,155.8,,158.87,12.20%,3.70%,1.80%,11.10%,-9.50%,-2.50%,3.90%,47.3
Mar-25,855,150,592,596,832,23,90,5,2,3,6%,9%,82,2.21,4.95,87.28,268.36,255.6,99.8,153.89,9.30%,0.70%,1.00%,4.90%,-9.80%,-5.90%,0.70%,44.3
Apr-25,853,151,472,620,713,140,94,5,1,4,5%,7%,89,0.96,4.98,86.02,354.38,330.8,75.24,145.18,6.80%,-2.70%,1.00%,-7.80%,-11.10%,-7.50%,-0.70%,40.5
May-25,763,134,502,584,717,46,97,8,1,7,8%,6%,92,0.81,7.76,92.47,446.85,423.9,93.09,134.54,6.20%,-4.00%,-1.00%,-7.20%,-13.10%,-8.10%,-0.80%,40.9
Jun-25,714,130,372,552,580,134,91,8,1,7,8%,6%,85,0.79,7.56,88.9,535.75,501.2,77.33,126.26,6.10%,-5.40%,-2.80%,-2.10%,-11.10%,-6.20%,1.10%,36.2
Jul-25,623,107,240,440,411,212,81,7,1,6,8%,6%,77,0.79,6.67,91.07,626.82,572.3,71.11,135.35,5.70%,-6.40%,-3.70%,-2.90%,-2.30%,-5.90%,1.10%,33
Aug-25,597,105,244,457,411,186,84,6,1,5,7%,6%,79,0.89,6.15,96.1,722.92,652.6,80.31,140.36,5.80%,-7.40%,-4.50%,6.10%,1.40%,-5.70%,1.90%,46.1
Sep-25,576,98,265,445,422,154,87,5,1,4,6%,6%,84,0.85,4.97,99.71,822.54,731.9,78.98,130.76,5.90%,-8.00%,-5.30%,8.10%,-0.80%,-3.10%,3.50%,46.6
Oct-25,550,92,290,402,437,113,81,5,1,4,6%,6%,76,0.77,5.18,94.98,917.42,809.9,72.68,129.44,5.80%,-8.80%,-5.70%,8.10%,-2.10%,-3.30%,3.20%,44.3
Nov-25,525,93,282,393,431,94,76,6,1,5,7%,5%,70,0.75,5.59,98.85,1016.1,889,79.54,132.78,5.30%,-9.80%,-6.50%,5.60%,-5.10%,-3.70%,2.00%,40.1
Dec-25,574,111,263,436,440,134,79,5,1,5,7%,5%,73,0.7,5.4,90.86,1106.86,967.9,78.61,131.86,5.10%,-10.00%,-7.20%,3.40%,-4.50%,-3.60%,1.80%,44.3
Jan-25,622,123,318,460,514,108,83,6,1,6,8%,6%,83,1.23,12.19,NA,NA,NA,NA,137.26,5.50%,-5.70%,-4.40%,-14.00%,-21.90%,7.90%,10.80%,46.6
Feb-25,647,126,369,463,570,76,78,6,1,5,7%,6%,75,1.23,,,194.2,150.35,,142.23,,-5.70%,-4.40%,-14.00%,-21.90%,7.90%,10.80%,50.1
Mar-25,666,127,345,462,548,118,96,8,1,7,8%,5%,85,0.68,7.89,100.14,294.34,243.267,92.91,134.61,5.10%,-5.80%,-5.20%,-5.10%,-7.90%,8.40%,12.60%,48.4
Apr-25,623,116,269,437,455,168,93,8,1,7,9%,5%,85,0.59,7.93,90.34,384.68,314.382,71.12,128.87,4.70%,-6.20%,-5.60%,4.30%,0.50%,11.00%,12.20%,45
May-25,561,105,231,400,399,163,90,8,1,8,9%,4%,82,0.63,8.36,96.07,480.75,391.352,76.97,127.43,4.00%,-7.20%,-6.20%,7.10%,-4.50%,12.40%,14.20%,35.2
Jun-25,542,113,231,403,411,131,91,8,1,7,8%,4%,84,0.61,7.51,95.39,576.14,476.759,85.41,127.42,3.80%,-7.90%,-6.60%,6.10%,1.60%,13.30%,16.60%,49.9
Jul-25,550,112,232,410,412,138,91,7,1,7,8%,3%,84,0.68,7.31,93.32,669.46,566.8,90.04,124.92,3.40%,-8.50%,-6.80%,4.50%,-0.30%,13.80%,17.90%,49.9
Aug-25,553,109,255,405,430,124,87,8,1,8,10%,3%,79,0.64,8.28,106.2,775.66,659.169,92.37,121.27,3.20%,-8.80%,-7.10%,4.80%,2.20%,14.50%,16.50%,45.2
Sep-25,537,121,306,403,499,38,82,8,1,7,10%,3%,75,0.64,8.06,100.99,876.65,742.766,83.6,113.85,3.10%,-9.10%,-7.10%,4.30%,2.80%,13.60%,13.70%,45.8
Oct-25,526,119,353,398,544,-18,79,8,1,7,10%,3%,72,0.67,7.73,99.39,975.84,825.758,82.99,111.37,2.90%,-9.30%,-7.30%,4.90%,4.00%,14.10%,12.40%,45.6
Nov-25,542,130,321,400,530,13,76,8,1,7,11%,3%,70,0.61,8.01,39.54,1015.38,904.027,78.27,114.98,2.90%,-9.40%,-7.20%,6.80%,4.40%,14.20%,12.60%,48.2
Dec-25,560,136,326,412,544,15,67,8,1,7,11%,3%,60,0.67,7.73,163.68,1179.06,990.555,86.53,119.92,3.00%,-7.20%,-7.20%,9.30%,1.60%,14.50%,13.50%,46
Jan-25,560,135,332,421,548,11,87,8,1,8,9%,4%,79,NA,NA,NA,NA,NA,NA,129.46,4.20%,-9.00%,-11.00%,51.20%,6.80%,12.80%,18.80%,46
Feb-25,550,125,315,417,515,35,81,8,1,7,9%,4%,74,1.13,15.91,,209.45,175.9,,138.93,4.20%,-9.00%,-11.00%,4.40%,6.80%,12.80%,18.80%,46
Mar-25,527,110,275,395,451,76,88,10,1,9,11%,5%,88,0.62,9.89,100.68,310.13,284.1,108.23,144.31,4.50%,-9.50%,-11.10%,5.30%,3.90%,12.80%,16.50%,44.2
Apr-25,519,111,239,374,416,103,86,9,1,9,11%,4%,69,0.66,9.22,73.99,384.12,368.9,84.78,147.59,4.20%,-9.80%,-10.80%,7.70%,2.40%,14.10%,17.60%,47.9
May-25,531,118,239,390,427,104,93,10,1,9,10%,4%,85,0.64,9.63,129.63,513.75,457.4,88.48,148.6,4.00%,-10.10%,-11.10%,6.60%,1.60%,12.10%,16.70%,49.8
Jun-25,518,107,249,378,420,98,92,9,1,8,10%,4%,83,0.58,8.75,97.42,611.17,554.1,96.75,149.26,3.90%,-10.10%,-12.00%,5.70%,1.30%,9.70%,13.80%,47.8
Jul-25,498,106,237,376,407,92,83,8,1,7,9%,4%,75,0.51,7.83,102.6,713.77,622.8,68.67,156.9,3.60%,-10.20%,-12.10%,4.50%,1.40%,7.30%,9.50%,42.5
Aug-25,464,99,206,346,363,100,78,9,1,9,12%,3%,68,0.51,9.5,101.18,814.95,696.5,73.73,160.32,3.40%,-10.20%,-12.00%,3.40%,1.10%,7.30%,7.80%,40.4
Sep-25,453,94,187,337,337,116,77,10,1,10,13%,3%,66,0.55,10.15,103.92,918.87,781.4,84.88,157.93,3.40%,-10.10%,-12.20%,2.70%,1.10%,7.50%,8.00%,49
Oct-25,497,104,204,354,370,127,82,11,1,11,14%,3%,70,0.54,11.18,103.84,1022.53,871.5,90.16,160.47,3.40%,-10.30%,-12.40%,3.00%,1.30%,8.50%,8.20%,54.6
Nov-25,485,102,204,353,368,117,78,9,0,9,12%,,,0.47,9.28,101.86,,,,156.17,,,,,,,,50.6
Dec-25,473,104,200,356,366,107,76,10,1,9,13%,,,,,,,,,,,,,,,,,
Jan-25,461,102,192,337,355,106,,,,,,,,,,,,,,,,,,,,,,
